,tweetID,text
0,1119752364569841664,Here is a great article about sample questions that are helpful when preparing for upcoming interview! https://t.co/d3HTREmfFs
1,1119752259578028032,I got a free @RicolaUSA Cough Drops sample from the #Freeosk @Walmart https://t.co/pHYDHPkYrk
2,1119752129307193344,Tomorrow you can get one free sample size ice cream cookie sandwich with every purchase for the first 50 customers for Easter! https://t.co/AYb0xJAE3g https://t.co/doyugJndFx
3,1119752125477683201,"Don't really care about or fuck with logic but that aeroplane sample hits the feels. Of course, that album is old as fuck now."
4,1119751901720006662,@HPbasketball Is it really that hard for you to not overreact to miniscule sample size of game time? You don't usually do it as often as you did in this series.
5,1119751888734343169,"At the top of the page was a name I didn‚Äôt recognize and it said that she was predicted to be my half-sister. I remember thinking, ‚ÄúThis has to be a sample page.‚Äù"
6,1119751830869815301,The Making of OPUS sample flip beat for CMA - TaurusBeats Life Story Music https://t.co/o5W5jFvkBp via @YouTube
7,1119751796690341888,"SAMPLE novel excerpts from multi-genre author, Sylvia Massara. There is something for everyone https://t.co/zYoSivHDEC Genres: #mystery #romance #drama #scifi https://t.co/eu9EwlvAq2"
8,1119751706797953024,"‚ö†Ô∏è Attention: ALL ARMY ‚ö†Ô∏è

Start requesting for Boy With Luv on Most Requested Live now! Here‚Äôs how you can help ‚¨áÔ∏è

sample tweet:
Hi @OnAirRomeo! Can you pls play #BoyWithLuv by @BTS_twt ft. @halsey on @MostRequestLive? Thank you. #MostRequestedLive https://t.co/E6nmX2eS8D"
9,1119751574933233664,What a sample testimony! Strongly written words. Wow. https://t.co/A9kHzlXyD9
10,1119751520642322432,"Intriguing theory, but needs a larger sample size. https://t.co/bawkWcsmlL"
11,1119751426262163459,@ConnerJeromeC That ps2 sample üî•üî•
12,1119751379986386945,"Reuters 37% Approval Poll is skewed The poll of 1,005 adults was conducted between April 18-19. The sample of respondents included 353 Democrats, 344 Republicans, and 210 Independents.
Rasmussen now polls @POTUS @realDonaldTrump at 53% Approval. Reuters is left wing propaganda!"
13,1119751355550318593,"Legacy
Book 4 in the series 'The Chronicles of the White Tower' -First Volume of Trilogy 'Throwback' 

Read Sample:https://t.co/gJhWri4l7e
Buy:https://t.co/qUf8QsHkuN
Buy Signed Copy:https://t.co/voTWJ9s8RX
Read FREE on Kindle Unlimited
#TheChroniclesoftheWhiteTower
#MarkPatrick https://t.co/06EwG2bRWh"
14,1119751279251730432,"@RickVanover It‚Äôs actually just for OneDrive sample content, but now you have my interest! https://t.co/wQP8wiQYXJ"
15,1119751114423803904,@rlthingy a sample for unrespect human being. //
16,1119751109289975808,@levierkant_24 @JLaSalle20 Excellent! Let us know how we can help. Try our FREE Sample Stationery Kit! https://t.co/iREDO0HWbt
17,1119750999999172609,So did y‚Äôall use https://t.co/I4HJapq0SI or took his blood sample for this DUMB ass information. Why you did all this ‚Äúresearch ‚Äú as if it‚Äôs gonna let him off the hook. Take 3 seats bitch. He‚Äôs not black HIMSELF what he did was wrong and he needs to apologize. PERIODT https://t.co/rbrMMI72FC
18,1119750857791139840,@brittbeard That's great Britt! Let us know how we can help. Check out our FREE Sample Stationery Kit! https://t.co/lELATArmsy
19,1119750818415038468,"I love spicy chai.
My lips are buzzing &amp; warm.
If only you could feel them against your cheek.
Unfortunately, you'll never get to sample my sweet lips.
you're just a Loser paying for My chai, &amp; enjoying the honor.
#findommegoddess 
#finsubwanted 
#finslave #footsub 
$MissControl"
20,1119750782851665920,"@RealSpiderMom So when did you become a God?
How did it happen?
What are your powers?
Can I kill you? For science of course
And
I need a sample of your webs"
21,1119750731743973376,https://t.co/MnDyvw6ihL sample challenge shit
22,1119750720087937024,"@soopa I could be wrong, but it doesn‚Äôt sound like it‚Äôs YC alumni doing this.

And I only have a small sample size, but every single YC alum we ever talked to pre-interview was eager to go out of their way to help, with zero expectations of any sort. https://t.co/BeAe0kYj8c"
23,1119750696746745856,"QB1 all day. If he had shown what he had in 1 year over 2-3 years, this wouldn‚Äôt even be debatable. His sample size may be small, but his traits, tape, and analytics are incredible. https://t.co/XfNlbZG6KS"
24,1119750521798184960,My book #EmmaStevensandtheLordofCrime will not be out til May at the earliest though you can check out my site/section https://t.co/n7jYyv8jUl  to read a sample of my novel and to read old crime fiction stories which the novel is based on. https://t.co/n3vNTIQV0u
25,1119750516945211392,@Madaaahlynn I‚Äôve been wanting to try it!! That‚Äôs the one I wanted to sample but they talked me into Laura mercier smh
26,1119750463405133828,"@CraigMurrayOrg The other thing which is odd why would they use Novack?  A Ukranian created chemical weapon during the Soviet era, which matched the same sample as Portadown and the only other country to successful create it was Iran????"
27,1119750272526495745,"Think this might expand, fire up Democratic base??

#election2020 sample ballot:

President  

      Republican:    Donald J. Trump:______

      Democrat:      Indict Trump:       ______

Mueller report post-WH criminal exposure for trump? @CNNPolitics https://t.co/ly358M1Jhc"
28,1119750254339903488,I always sample the honey walnut shrimp at Panda Express even tho I already know what it tastes like bc that‚Äôs the kind of girl I am
29,1119750125931249664,I've just seen that many of my Prints are advertised on a site called TSYGXLGO. Whoever is advertising them has lifted the descriptions and the sample photographs direct from my Amazon listings. They can only be... https://t.co/UEwKPOS9pf
30,1119750113302405120,Selling clean pee today and all this coming week. $50 a sample. #420day
31,1119749938890645504,Shoutout to 2 chainz for using that High Life sample on RAP OR GO TO THE LEAGUE @HaZe_DGB @stayhumble
32,1119749923254276102,"Download our great new Trance Sample Pack Collection from our International ebay Store. 

We have even given you an 80% discount to celebrate its release.

Download it here: https://t.co/tMK0N3jLm5 

#Trance #Loops #Samples https://t.co/0MPC4pNqWt"
33,1119749901037002752,enjoy your sample @jonghyonce https://t.co/XUWgY0KqtC
34,1119749753451888640,@Spoiled_Art get back to work sample man
35,1119749730706153472,should i spend $60 on the too faced born this way foundation that i‚Äôve wanted to buy ever since i got a sample of it
36,1119749686045204481,"We are more than the bullet points on our resumes.We are better than the sentences we string together into a word salad under the magnifying glass of an interview. No one is rejecting us.They are rejecting a sample of our work, sometimes only after seeing it through a foggy lens https://t.co/BMmEYGpuMk"
37,1119749672384512002,enjoy your sample @GeneralAmidala https://t.co/u7pGeMSLce
38,1119749663698116608,"@mekosoff My wife made a batch of brownies and had me test them. I even cut her sample size in half. Started to kick in right before dinner, got sick as a dog the second I was finished. Had to leave early."
39,1119749448739868672,Join 'We're all Beauties' on Facebook. Win giveaways and sample gift packs!! We're new and excited to grow! Share videos and opinions about beauty products!  üíãhttps://t.co/yzr5E10DCD
40,1119749392704077825,enjoy your sample @minhoprism https://t.co/JnMbPzmDLF
41,1119749383572971521,@Jersey_Craig My poll shows close to a 100% behind the idea. (My sample could be biased.)
42,1119749335615332357,"Yay! Another excerpt from The Regular Guys, as funny a book as you will read or my name isn't Kareem Abdul-Jabbar.

Click here for a sample chapter:

https://t.co/KIxUVL699G

Thank you,
gaylon

#novelines #bookish #bookworm #readers #literature #booklovers #readingtime #novel https://t.co/BJRL4JM3DI"
43,1119749325758914561,@THEPERFOURMER I agree there seemed to be some excessive force used. And it can happen unintentionally in high emotion situations like this. There are some bad cops out there but of the videos we see you are seeing a small sample size in relation to the # of cops in the US
44,1119749233828073473,enjoy your sample @shawoIbebe https://t.co/EJxlK0GB07
45,1119749166052335621,@MySocialPoint @isparkrecords There's no sample of her voice on the snippet......yeah yeah I know but.....
46,1119749151850262530,that amerie sample üéà
47,1119749128085495809,"@KRileyUTSA16 @JayneWTHB AJ reed had a ton of potential and doesn‚Äôt look like he‚Äôs gonna ever capitalize on that, of course in part to us being set at the position but I‚Äôll take a known over potential any day. Such a small sample size let‚Äôs see how he‚Äôs doing later on in the year before saying you‚Äôd"
48,1119749063774220288,Bored on your Saturday night? Help me grow my Sample Programs repo with your solution to the Fizz Buzz problem in your favorite language. https://t.co/vsmaYLo3u0
49,1119749037962465282,My idea of getting lit in Houston these days is going to all the wine sample ladies in HEB and chatting them up enough to not notice they gave me a glass each
50,1119748926683451393,"Crowley: *drinks a sample from the store*

Everyone else in the nail polish department: https://t.co/f2cKWIpaGh"
51,1119748861407440902,@JakyltheOracle I do that a lot. There is a nice bartender who tries getting me to sample a dif beer and she hates that I order miller
52,1119748859142369280,"@DominicBenson 5 weeks is a small sample size, but it‚Äôs looking promising DB. Get on board"
53,1119748390529773568,@RealBrianMartin @Pat_Egan So you criticize @Pat_Egan for using a small sample size but justify that criticism by using second hand rhetoric from two cities in the Midwest?
54,1119748326428217345,"@DarthCalculus @ApoloJed1 @AApologetics @ImJackFrank @gutteridge_alec @BrianHuffling @CAstronomyNews @jason_lisle @Lead1225 @LisaQthinks @JK_Riki Rock dating must assume a certain quantity of parent and daughter isotopes in the original sample and infer that no ""natural"" contamination has taken place over the subsequent eons of time. Not a geologist, but I've discussed this issue with skeptics several times."
55,1119748197448970240,Even though it's a sample from another song. https://t.co/XHlQE7Uh5e
56,1119748182664151041,My cat is strange. He likes to smell the air coming out of the vent. He stands there for several minutes so he gets a good representative sample ü§£ü•∞ What do your pets do that‚Äôs weird? #ShowMeYourPet #Caturday #SendMeAnimalPics https://t.co/MwWaFNhNUp
57,1119748079908007936,Happy 4/20!!! Go download the FREE SAMPLE PACK AT https://t.co/ZcjSHblhdf
58,1119747759777521664,Cc @arsenalamerica ‚Äî would love to broaden our poll sample size for Gooners traveling to LA.
59,1119747675245559809,SHE GoT SKILLS | Check out this brilliant @GameOfThrones black board art hand-dreams by our super talented Jessica Mack üò± Drop in to see it for yourself &amp; sample one of these limited GoT whiskies while you‚Äôre at it. Would be rude not to really https://t.co/k9soMQ6NEP
60,1119747651493187584,@ensanelybold That's excellent Erika! Let us know if we can help! Try our FREE Sample Stationery Kit! https://t.co/c0b1db17xk
61,1119747564000239617,Keep one in case niggas want a sample
62,1119747560049192961,enjoy your sample @lveltm https://t.co/iril0SBAqc
63,1119747407133192193,"#WORCESTER - Michele Loughlin of Dudley enjoys a beer sample with a friend, at the 9th Annual #Brew #Woo #Beer #Festival @DCUCenter @telegramdotcom https://t.co/l6wrgNa5vb"
64,1119747404536922112,"(then again, that's a sample size of three, so maybe that's not conclusive enough ~Clears Throat~)"
65,1119747384098131970,enjoy your sample @heebumiee https://t.co/m68ktugx8b
66,1119747208369274880,"@RealCandaceO This is another sample of ""against the nature"" attitude!  Poor little boy!"
67,1119747128635604992,enjoy your sample @lgbtshinee https://t.co/R7rOZSZhRN
68,1119747123489267713,"@NatsinNY @edit_susan My take is that this is an extremely small sample size and luck doesn‚Äôt always even itself out even during a whole season.  But since his stuff looks the same and his k and bb rates look good, ill bet on Max ending the year being top 3 or so in the NL."
69,1119747057072214016,"This is a sample logo that I had made for my Anime project. Pretty good, now that I have a better idea of how I want the logo to look, I might have some slight changes be made. But for‚Ä¶ https://t.co/JzBrRGsqhT"
70,1119747026810327042,I‚Äôll take victory from a one game sample size
71,1119747010763153408,@TheRealJitsu Yeah a player who has played in over  550 games shoots well for a season and a half and then reverts back to being a poor shooter. There‚Äôs a larger sample size that says he‚Äôs a poor shooter than not
72,1119746947303084032,‚ûùMASAKI YODA -Danceing in the with you(sample)- https://t.co/eW3JOMtLvz #m√∫sica #Jap√≥n #informaci√≥n
73,1119746773180792834,‚ûüManabu Uchiyama -The departure of dawn- https://t.co/8UrsipvglP https://t.co/FZiHwFF4tb #Èü≥Ê®Ç #Japan #information
74,1119746737021706240,@40mackenzie This is amazing! I didn‚Äôt sample this. But it‚Äôs insanely similar lol great find
75,1119746300860407809,"Well you see it‚Äôs a question of sample population, sigma, variance, standard deviation and the confidence interva‚Ä¶ ‚Äî If only you answered this in a more simple way. https://t.co/ONLr0KuH1t"
76,1119746271210639360,"Is it ok to go to an ice cream shop, sample a few flavors, and leave if you don‚Äôt like the ice cream? üç¶"
77,1119746270082600961,@atrupar @SupremeDickhead Somebody should remix the old Alkoholiks song with that sample
78,1119746243217911808,Sample Love Full Feature https://t.co/8WhZI7jc80 via @YouTube
79,1119746167301124097,100% Authentic Louis Vuitton Don Patchwork Sneaker Runway Sample** LV Size 9 https://t.co/0pddV5TIR6
80,1119746163933007873,@MsLaMondaLSES Congrats Lauren! Let us know how we can help! Try our FREE Sample Stationery Kit! https://t.co/O74ZakUFkc
81,1119746154772795392,"@Colin__Wolfe 10 year career vs 4 games when everything goes their way, I'll take the larger sample size. Wait until theres adversity he'll quit like he always does"
82,1119746067644461056,"@gusmanb @uncleancasuals @EEDAR A sample size of 100 is very low. I'm not complaining about anything, just simply asking where your getting this 80% number from"
83,1119746036195442688,‚ûüMASAKI YODA -loving loving you- https://t.co/7U4H5e5WoX https://t.co/u0Dck4gKSB #Èü≥Ê®Ç #Japan #information
84,1119745748403478533,It seems like the Windows steam audio device runs at 48000khz sample rate and 32bit samples.  #pulseaudio is downsampling to my iMac‚Äôs hw as it should but it desyncs over time.
85,1119745651443732482,y‚Äôall remember when the barbz dm‚Äôd Tracy Chapman asking her to clear that sample for nicki üò≠
86,1119745454390923265,"#Ireland #News 
@IrishTimes 
""Please send letter to Cobblestone street so I can be an editor for the Irish Times magazine. Here is a sample of my work. Cheers! üòéüåÅ""
-Abigail May Arndt https://t.co/MkyX7BdbYt"
87,1119745413668642818,given the sample size of both this days hikes i regret to inform you that indeed tick season has returned to the greater baltimore metropolitan area
88,1119745328293531648,sample of track im making https://t.co/ltZTRizBJh
89,1119745188073824262,@MeeMeeMya Is that a scientific sample size? You seem awful sure your personal experience is representative of the billions of religious people on the world. Seems pretty irrational to me.
90,1119745155647590400,enjoy your sample @shineekick https://t.co/9PtQt20DeF
91,1119745082033356800,"On April 20, 1902, Pierre and Marie Curie isolated one gram of radium, the first sample of the radioactive element. ‚ò¢ Help students visualize nuclear reactions w/ #ELGizmos! #edtech #STEMed #blendedchat https://t.co/kZfu20i4E1 https://t.co/gzfyCdHLQF"
92,1119745063934922752,"@renegade_roo I love your polls, they ask nonstandard questions with a reasonable sample size to find info about the community."
93,1119745048302764033,"Drunk driver - Leeds 

Vehicle attempted to fail to stop for #XA36 before pulling over.
Driver requested to complete road side breath sample .... #FAIL. 
District assisting with transport - Now en route to cells. 

#Dontdrinkanddrive #Team2 
#OperationalSupport"
94,1119745036546187264,The 16year old rider of this motorbike in Blackpool found himself being arrested for providing a positive drug wipe for CANNABIS. Now in custody awaiting a blood sample @LancsPolice @DrugWipeUK @LancsPolDogUnit #Team3TacOps #3098onetrickpony https://t.co/j9393ZlOhi
95,1119745010012790784,"Join Daily Bruin staffers as they sample Coachella food stalls and recommend their picks.

https://t.co/tro1iRDtiK"
96,1119744955814174721,"@Gustavia_Bones @Amy_Siskind Ipsos poll conducted April 18-19, 2019 on behalf of Thomson Reuters. For the survey, a sample of roughly 1,005 adults age 18+ from the continental U.S., Alaska and Hawaii was interviewed online in English. This sample includes 353 Democrats, 344 Republicans, and 210 Independents."
97,1119744878223732736,enjoy your sample @poetnartist https://t.co/jX0A3Ynyv1
98,1119744847018102788,"More sample packs ready to go out‚ù§‚ù§üíÉüíÉüéâüéâYeeesss, thanks to my lovelies that are taking their health backüéàüíùI have 4 sample packs left and ready to ship out to New homes!!  Take back your‚Ä¶ https://t.co/jMY991bpdT"
99,1119744754894479360,Yall niggas retarded as fuck. It's a sample from an old Reggae song https://t.co/yRInacKj6Z
100,1119744717229572098,@akaEverts @stickermule You can do a sample pack 10 coasters for $9
101,1119744659859886080,NIKE HYPERDUNK 2012 BHM NBA AREA 72 RARE SIZE 17 RARE PROMO SAMPLE PE https://t.co/5eorGSBASz
102,1119744642134753280,Just a sample of the sights and sounds from today‚Äôs service. I‚Äôll have a full report on the #Columbine service tonight on @KDVR at 9. https://t.co/QglO60D24H
103,1119744602502782976,enjoy your sample @gothkjh https://t.co/rpp4iz5Uxu
104,1119744285019078656,"@RonPotesta Sorry Ron - 35 games in 3 yrs for Aguilar is not a large enough sample size to call him a bust. If that is your logic, Bauers was a bust in Tampa with a larger sample size."
105,1119744147751981056,"@SteveKerr Rather than being a sample in a civilized society, we fall into into medieval barbarism"
106,1119744073152253952,#donate today please to  Cathy Sample Woman Who Lost Both of Her Legs #Catheri48789698 #Donationexperts https://t.co/vPVuAIaPc3
107,1119743944840007680,"Did AZ's DEQ play a part in the largest state-wide lead scandal?

Why would they assist Mesa Public Schools to falsify lead results? They were fully aware that 3 sample containers are needed- MPS only used 1. 

Suspiciously, ALL the results showed NO lead! @guardian @olliemilman https://t.co/iECFQhr6zx"
108,1119743892151205888,"**New Listing** To Be Built | 20425 Carson Rd | Deephaven | $2,395,000 Co-listed with Kyle Hunt. #buildyourdreamhome #kylehunt #ellendehaven #cbburnet #realestate ***Please see our rendering and additional sample photos of past build jobs. https://t.co/ealrKmWUjP"
109,1119743885876629504,What a time to be alive! They are giving out free sample shots of different flavors of margarita‚Äôs at Walmart ü§£
110,1119743826179100678,"Do you enjoy intelligent plots, realistic locations and credible characters? Try a free sample of the kindle bestselling adventure, Bridge of Souls, and begin an epic adventure you will remember forever

https://t.co/fHwDLsFSdG 

#book #sample #bestseller #mustread #reader #free"
111,1119743562969690112,"@ItsEssi Hi Essi, I'm Aron and I'm a video editor with over 6 years of experience. 

My website: https://t.co/eyubVkhbn2  

Video samples: https://t.co/XHfq1qJa9f 

Feel free to ask us to create a sample video for you (no charge). We look forward to working with you!"
112,1119743556250263552,"A quick profile of a random sample of the exhibitors at the @KombuchaBrewers #KKon19 conference, https://t.co/nJ54tbYHOC #kombucha #craftbrewing"
113,1119743434896465922,@MontessoriMom3 @CharlesFinch They killed it to get the sample
114,1119743307201110016,@RonPotesta Aguilar was given 35 games in 3 years with the big club for the Tribe and he was a bust. Bauers was given a larger sample size in one year with the Rays and is not a bust? How is that?
115,1119743276431626240,"A party led not even by poll numbers but by vague ideas about the political risks of impeachment, gleaned from a sample size of 1, in a radically different situation over twenty years ago https://t.co/dmShVYzV6f"
116,1119743199382315008,@romeinsilver the sample pack is lovely. This pack is my new go to!
117,1119743148643606528,@JustDoIt_Sample Period lol
118,1119742989138399232,"@gehrenbergdfs Lololol, 2 game sample of a team who is young and inexperienced. Lolololol"
119,1119742907081207808,@binkymack You got a sample of one of the trax?
120,1119742662846947328,"The number of men not seeking marriage is up 40% more than the last data sample taken in 2016. Really who can blame us? We work hard, some us become very wealthy (not me) then get married then get divorced, with a swing of the judges gavel just awarded your wife of 3 years ‚§µÔ∏è"
121,1119742621658832901,"White and gold beetle sample. Getting married is a chrysalis after all.
.
.
.
#embroidery #bridal #beetle #beadwork #brooklynbride #madeinnyc #3dembroidery #weddingbug #wirework‚Ä¶ https://t.co/qGpJFVbMQL"
122,1119742555942469635,~33) ~ WET DADDY ~ Bk4 ~ THE HYBRID SERIES ~ WHAT??? ~ WRONG!! ~ EXTREME SERIAL KILLER MI5 #THRILLERS in THE HYBRID SERIES ~ #EROTICA ~ HORROR ~ SAMPLE IT ~ https://t.co/JOV69RWlcy https://t.co/KWaFGeZXfk
123,1119742488091222016,enjoy your sample @anodetoyounct https://t.co/3Qm08PprCR
124,1119742478066823168,"@MichellBasler If you're in Edinburgh I'd most definitely reccommend the @NtlMuseumsScot 
This is just a sample. https://t.co/PEZPKhOoZa"
125,1119742422781714433,In the last ~24 hours 325 politicians in our sample (Members of the German Bundestag and U.S. House of Representatives) tweeted around 1095 times. https://t.co/u87EvO35jE
126,1119742388061319168,The @Eberjey @marissawebbnyc and Apparis #samplesale ends Sunday 4/21! https://t.co/N0swtgQKZa
127,1119742290589884418,Now I‚Äôm screaming ‚ÄúI‚Äôm broke‚Äù to see I get a sample of money in my mail ü§∑üèΩ‚Äç‚ôÄÔ∏è https://t.co/J7V6fl5XRn
128,1119742270243315714,Sample of my new #collegefootball show: watch -Georgia Sports Talk - G-Day Game Preview https://t.co/81aapgULsE via @YouTube
129,1119742159152791552,"@Medscape Of course, only 2% of the respondents were nephrologists, which is one of the huge limitations in this particular survey...not a large enough sample of any single speciality. https://t.co/jFwut8Cmhd"
130,1119742122276655105,The sample below is the full text into cell B5 and the cells below -- any values found in the cells below
131,1119742107294498818,"Only my fianc√© would get a sample of wine at Olive Garden and then say, ‚Äúhey, my sample glass is empty‚Äù to the waiter.. &amp; it actually work.

Samples for days üôÉüòÇ"
132,1119742068820045825,@charliekirk11 @SpeakerPelosi Come on - learn how sampling works. People who use Block are not a representative sample of taxpayers.
133,1119741971902242816,‚ûüMASAKI YODA -Danceing in the with you(sample)- https://t.co/XGzTZCtlBI #musiikki #Japani #TIEDOT
134,1119741971172659207,enjoy your sample @jinkiist https://t.co/LmqGbuzGpf
135,1119741952705081345,Free Sample Food Products https://t.co/NdBZ1y4AYD #freestuff #freebie
136,1119741887772938240,[RESTOCK] sample etude colagen moistful dan ac clinic kit @ 15000
137,1119741784677068802,"@drserefoglu @mjziegelmann @vidit_sharma_ @DrDAgarwal @DrDUrology @ranjithramamd Respect to the authors for innovative spirit &amp; execution of this. But seems quite invasive to adopt based on unclear biologic rationale (to me), small sample size, retrospective series, lack of control. If quality prospective controlled data would need to reassess"
138,1119741749914632194,Check out V&amp;R VIKTOR &amp; ROLF FLOWERBOMB EDP 1.5ml .05fl oz PERFUME SPRAY SAMPLE VIAL https://t.co/BeX17F1QFK ‚Å¶@eBay‚Å© #ebay #flowerbomb #perfume #samples #beauty #viktorandrolf #spray #fragrance ‚Å¶@eBayDeals‚Å©
139,1119741524365856769,‚ûîPIERROT'S -MONITH- https://t.co/kN1f7tphxk #Musik #japan #INFORMATION
140,1119741347202785280,@ericswalwell Here‚Äôs a sample of you on the debate stage. https://t.co/J7pRm23Ss9
141,1119741055241523201,"@kravtsovt @KakkoToKravtsov Sample size is important for sure, but I think he deserves a lot of credit for his work on and off the ice cause this guy couldn‚Äôt stop a beach ball for multiple seasons"
142,1119740865730113537,‚ûùMASAKI YODA -loving loving you- https://t.co/18CYenphSe https://t.co/jSonu6K8JC #Musik #japan #INFORMATION
143,1119740579200393216,dawg I jus found the most FIRE SONG/SAMPLE IDEA FUCK
144,1119740575937220608,@tarablagg It's a great time in life! We'd like to help you put together a beautiful wedding suite. Plan with FREE Sample Stationery Kit: https://t.co/hUWi3Z7pIp
145,1119740533914488832,i‚Äôve decided to just sample every one of them
146,1119740479954751488,@e1n omggg i tried a sample earlier and it was so good (the cheese curds too)!!! ill definitely have to take some back....
147,1119740479195639808,"@_wintergirl93 @TheMorningSpew Yay Pete!

Flavor of the month.

Watched by dozens of mentally deranged libs.

Only good Pete has done was knockout and finish off this stool sample.

#FreeDickParker 

#F_Beto https://t.co/jewVdcfhWs"
148,1119740445045735425,"Join us this Friday (April 26) for ‚ÄúSecrets of Salsa &amp; More‚Äù where you can sample the best salsa recipes, followed by a fantastic concert by ‚Äúguitarrista‚Äù James Kline. #CommunityDaysLC
https://t.co/LNXJ75gOkr https://t.co/VtbzynF7Dh"
149,1119740398006456320,@cflorez8 That's terrific! Let us know if we can help. Try this FREE Sample Stationery Kit! https://t.co/MEBaFIssF2
150,1119740200756883457,"@biz Tinkercad is great. So user friendly. Take a look at our sample introduction lesson here, aimed at school kids but got a nice tutorial for starting out with designing for 3D printing. https://t.co/Y9R6Y2HfWg"
151,1119740181236592641,"Voting intention for EU elections amongst Conservative Party councillors (via @Survation, April 17-19):

Con 52%
Brexit 40%
Others 8%

Sample size: 781 Conservative councillors"
152,1119740152862035968,"@JustinTHaynes While I get that, I was just remarking that the bullpen options in the minors don‚Äôt seem as elite as people mention. This bullpen has been bad for a year plus so doesn‚Äôt seem sample size"
153,1119740016438042624,‚ûùMASAKI YODA -Danceing in the with you(sample)- https://t.co/DBOyML4mzN #musique #Japon #INFORMATION
154,1119740014772887554,@nitwitschool I think 4 playoff series is a good enough sample size.
155,1119739965448040448,@kjgillenwater It was a small sample size.
156,1119739963136827392,"@abharris03 @Softykjr Have a clue what a good, quality roster looks like.

Run differential during the season is ALWAYS small sample because it's 20 games in. 50 games, 80 games in, with injuries, other roster changes NOT taken into consideration AT ALL."
157,1119739914650705920,"This is but a very small sample of this evil cult:

 https://t.co/cMTcOGC5Gt"
158,1119739883868884997,"Obviously sub effects &amp; small sample size at play, but he is a top striker/false 9 and is starting to show it when given ppportunity at WHU.

Not given a fair run at Arsenal by any definition. https://t.co/smEjJK1Mfr"
159,1119739840013139980,@NatGeo I contacted Dr. Jo√£o Ara√∫jo at Penn State nearly a year ago with a photo of what appears to be some species of Ophiocordyceps. Dr. Ara√∫jo had already received a sample from S. Carolina. It appears that Ophiocordyceps species are present in our imported fire ants in the S.E. USA.
160,1119739818743934976,"ZILIS UltraCell 
Water Soluble, Full Spectrum Hemp Oil.
-
Organically Sourced
Full Spectrum Extraction
Superior Formulation
Up to 94% Bioavailable
Available in BERRY &amp; LEMON.
-
WE ARE AN INDEPENDENT DISTRIBUTOR üå±
-
Come in for a FREE sample today.
Call us with any questions.‚Ä¶ https://t.co/FcJDxJZ1He"
161,1119739776712753153,"Spain, 40dB poll:

PSOE-S&amp;D: 29% (+2)
PP-EPP: 18% (-1)
Cs-ALDE: 14% (-4)
UP-LEFT: 13% (+1) 
VOX-ENF: 13% (+3) 

+/- vs. 14-19 March 

Field work: 15-18 April 2019
Sample size: 2,000

‚û§https://t.co/NOkUdsZPR9 

#28A https://t.co/JX69xp6Dbl"
162,1119739730709577728,"Back to 2016!
Sample of #graphic #design experimentations I made along w/ lots of research üìö, which then led me to design the current @HUSHCITYapp‚Äôs icon.
#mobile #apps https://t.co/Njf3FvWCPb"
163,1119739698409291776,@Skeuly1 @374Ak @NeyTen7 @NozL1 @YassEncore @Alambeats @AllanRaguel @BalanceTonBeat @BeatStars Death Note sample? good job!
164,1119739643979808768,"if there's a problem/code sample/algo you'd like to see written in Erlang + a blog post walking through it, lmk! https://t.co/0qmc1yRtmV"
165,1119739592335216640,‚ûùMASAKI YODA -Danceing in the with you(sample)- https://t.co/DY0zUD2uYn #musique #Japon #INFORMATION
166,1119739541546397697,"@RayneHall I know several pro editors and they all offer free sample edits to prospective clients. I haven‚Äôt had it done, but I seem to remember ten free pages is typical. #editing #writingcommmunity #greaterlosangeleswriterssociety #glaws #Writers"
167,1119739360285532161,Just joined the @BadassBeardCare reward program. Ask me how to get a free sample! #beardsunite #badassbeardcare #beards
168,1119739225493114880,"Thank you all!  The results were rejected on the basis of sample sizeüôÑ and the show must go on. ü§£

Brown won.

I'll show you when it's all done.üëä"
169,1119739032290897923,VapeWild Best Seller Sample Pack | Vape Giveaway https://t.co/Cfji26JF9v via @YouTube
170,1119739013282144256,@hockeysw @Boddy604 Agreed. Sometimes you just have a bad 5 game stretch. It's a small sample size.
171,1119738946815242240,@BenBerdankweed Having fun! Been waiting a very long time to sample in Canada and looking forward to edibles being available
172,1119738881086066688,"#SuccessIsABlend tour kicking of in #Chengdu. Look out for our pop-ups around mainland #China for a chance to sample our seasonal #Chivas Highballs and snag some great swag, #slainte! @‚Ä¶ https://t.co/aD7Y1NguK9"
173,1119738736332431361,@monokromfonts @hhpapazian @SpecialXaracter I'd be interested to see a sample of this.
174,1119738637497749504,"I've been a writer/producer for years but never been able to break into a scripted room! This series about  an unqualified couples councilor is my best sample- I have a pilot of it.
#WGAStaffBoost 
Couples In Crisis: https://t.co/5qpF1guQc0"
175,1119738569013305346,@on_the_fence__ @goosethaflerken @doge_days @jwmcpeak @benandjerrys I'm on about your shitty logic and sample size of whatever your anecdotal evidence encompasses.
176,1119738397675778049,"Hmm, reading these papers (with a little skeptism).

Paper 1 indicates a galaxy was found without dark matter. https://t.co/Djcb9EVsPr

Paper 2 apparently verifies this finding. https://t.co/k8GdU1A2yS

Same authors, study 1 year apart. 

But sample (n=1) is not convincing me..."
177,1119738295414665218,#IndiePub #IndiePubTip Sample edits https://t.co/09R1bg5GXB
178,1119738284299694080,"@blasthedd @Serremmy @LT6675 @jonz970 @rdrhwke @ThulRob @tjkgolf21 @harjo111 @Aug1405 @RightLax1 @MWAgain @MAGAgirly @jillhowell19 @MathPatriot @JTrumptilian @SextonWally @QmagaMike @JoAnneKlem @Sequencer16 @adkisson_rich @EvelynMcquary @country_jayhawk @davidja54683793 This is Chad Prathers twitter handle @WatchChad he is also on youtube here is a sample.
https://t.co/fuqrtQ3eP1"
179,1119738192683393024,@dexisboss That's awesome! Let us know how we can help! Check out our FREE Sample Stationery Kit! https://t.co/ceYnr8eKlP
180,1119738139629752320,@TheRealSadistik I see you with that game of thrones sample
181,1119738132851830784,"@jinkibloom one sample per day, come again tomorrow."
182,1119738126073724928,A #wadeboggs mail day item: a @SInow salesman sample mini poster of the #Chickenman. üòÄüêîüêìüçó‚öæÔ∏è @RedSox #boggstavern #supercollector #supercollection #redsox #sportsillustrated https://t.co/DV4k7LVq4J
183,1119738073019863040,"@KevinCarson1 Based on the sample, I have to suspect that a lot of the respondents are older voters who are pretty distant from either faction, but I don't know."
184,1119738050572107780,"cute sample, where can i get more?? https://t.co/45GLovDelw"
185,1119737997602246658,"@morgmorgan25 I went to Universal Studios and really wanted to go on a roller coaster, but they had little sample seats and those saved me from embarrassment once. But that feeling is real."
186,1119737856480698368,"SHE at M&amp;M Meats sample counter today. ""And try some of our Yule Log, it's festive and delicious""  ME: Why do you have a Yule log now at Easter?  SHE: ""Because it's festive and delicious.""  ME (fade into parking lot) True story. https://t.co/HHOkPdUq68"
187,1119737650531962880,I got a free @RicolaUSA Cough Drops sample from the #Freeosk @Walmart https://t.co/1pqkt8LVIW
378,1119737601068396544,‚ûôMASAKI YODA -loving loving you- https://t.co/gE6KKwy6qy https://t.co/DZDI5vt9Df #–º—É–∑—ã–∫–∞ #–Ø–ø–æ–Ω–∏—è #–ò–ù–§–û–†–ú–ê–¶–ò–Ø
379,1119737515353808897,enjoy your sample @llikeafire https://t.co/M1B9FGEayK
380,1119737482361307140,"The issue wouldn't be with the cohort being 1% of fathers in Jamaica, in fact that would be a nice sample size. The issue is that the sample is not random because we expect all cases ultimately involved a situation where somebody found it necessary to question the paternity. https://t.co/rwNsd8i6Gh"
381,1119737440774782983,@kobebeanss In college I did a research paper on clutch time offenses. I took a three year sample at the time the best clutch offense was the Chris Paul Hornets and the worst was the Kobe Bryant Lakers. I think the ‚Äúneed a bucket‚Äù skill is overrated. Team ball wins.
382,1119737426992300032,@Pat_Egan So using your short sample size to assume anything that was said about him prior was wrong? Obviously a change of scenery may have chaged him but it doesn‚Äôt mean he wasn‚Äôt a cancer elsewhere.
383,1119737407753072646,Also NB: The sample below is the B column after B5 will be gathered together to delete this text into cell B5 and the cells
384,1119737394432040960,What if Satoshi projected Bitcoin as a sample and now reappears in the @DigiByteCoin community with more speed and security ? This is for #bitcoin maximalists!
385,1119737220779401217,enjoy your sample @849KJH https://t.co/zoJ49gvhcc
386,1119737020916486144,"@markasaurus @oshanada Mark - using the survey that records both occupation &amp; union membership status is tricky, since the sample sizes get smaller the more geographically refined you get (&lt;700 California construction industry employees in many years' samples). The series only goes back to 1983."
387,1119736939761078274,"SO I WAS RIGHT, A TRIBE CALLED QUEST'S EERIE BACKGROUND ON EGO IS THE SAME SAMPLE AS THE ONE IN THE GODZILLA TRAILER  https://t.co/AupISxtcbq"
388,1119736797666263040,@KenGrimes9 @ReneeCarrollAZ Who revived this stool sample???
389,1119736769979662336,"""I'm Alive - 2019 Remaster"" by Stretch &amp; Vern #NowPlaying - best use of a EW&amp;F ""Boogie Wonderland"" sample out there.
https://t.co/CagyDlPL8z"
390,1119736743324868608,"Now that I'm done with tight ends, 27 of them scouted, here are my thoughts. 
1st round grades: Hock &amp; Fant
Higher on than most: Drew Sample
Lower on than most: Dax Raymond
Highest mid-rounder upside: Kahale Warring
Worst graded: Charles Jones II"
391,1119736715588112386,I‚Äôm not even gonna pretend that I don‚Äôt purposely walk close to the Chinese place in the mall so the man will give me a sample
392,1119736712425562112,"Trying to decide two things:
1. Yay or nay
2. If that's blue...son says it's not, I say it is. Sample card said it's chapel choir (Valspar paint) https://t.co/9hWoZn8oBS"
393,1119736347604869120,"@NewsHour @nytdavidbrooks With the Russian influence of the vote. Now is the time to consider one vote one value. When the sample of the votes is wider, the accuracy is greater."
394,1119736263861592064,"87a) ~ CRITICAL MOMENTS ~ Bk2 ~ THE HYBRID SERIES ~ HORRIFIC #RACY #THRILLERS you CAN'T PUT DOWN! ~ BDSM ~ SAMPLE IT, if you  DARE ~ https://t.co/Y6MytoDim2 https://t.co/x5NEnWQLGI"
395,1119736245574426624,"Drunk Driver - Notton Wakefield 

Vehicle stopped by #XR64.
Driver requested to complete road side breath sample ...#FAIL.
Now en route to cells. 

#Team2 #OperationalSupport 
#Dontdrinkanddrive"
396,1119736211847798785,‚ÄúTraining‚Äù aka being forced to try every food menu item and sample every beer/wine. Rough day at the office https://t.co/8qwiU0mSmC
397,1119736151454076928,‚ñ∂MASAKI YODA -Danceing in the with you(sample)- https://t.co/eW3JOMtLvz #musica #Giappone #informazioni
398,1119736051025764353,@playboikadz That sample hard bro... @pierrebourne Really the goat
399,1119735976933224448,‚ñ∂Manabu Uchiyama -The departure of dawn- https://t.co/8UrsipvglP https://t.co/FZiHwFF4tb #musica #Giappone #informazioni
400,1119735885543686147,"@realDonaldTrump @BreitbartNews Donny boy a Breitbart Poll is a oxymoron. This tweet is clearly gaslighting!
Breitbart is a right wing online tabloid not a polling organization. I bet their poll is of readers not either a wide sample of all registered voters or representative of all adult Americans."
401,1119735821463171074,@cbokhove @viewthrudifeyes Nqt survey now a sample as response rate very poor.
402,1119735722674663425,@Everthecrafter oh thank you! i'm basically jumping from sample site to sample site so this is great!
403,1119735712771919873,@EuropeElects very small sample size. huge margin of error
404,1119735622607024128,enjoy your sample @dontbemaudest https://t.co/lglgt8ZDwJ
405,1119735391873929217,"@PollsAndVotes Very cool! Interesting that it bucks national trend. For elite cue polarization aspect, might be worth further breaking down graph by pol knowledge/awareness/interest or something similar--though highest in that should polarize most (though not sure if sample size would allow)"
406,1119735374505443330,Apparently I was wrong about Beyonce's Hold Up. I really thought the beginning sounded like a sample from an Enya song. lol
407,1119735300153053184,@JoePalank @SomeChiGuy @HowardSchultz @ScottsdaleChmbr He could've literally any sample size and Captain Capitalism picked this one
408,1119735218053664768,‚ûùMASAKI YODA -loving loving you- https://t.co/7U4H5e5WoX https://t.co/u0Dck4gKSB #music #musik #japan #INFORMATION
409,1119735178061131776,@SlashClaw14 @ragnarock4455 It's always best to sample both but for me original is best.
410,1119735022913765377,@dmndstr @oakachibeats @pandimusic oh lol carti has a leaked song called kid cudi and pandi used the sample like 6 months ago
411,1119734954932310016,When ‚Äúsmall sample size‚Äù probably doesn‚Äôt matter with that one player. https://t.co/s8lwAr66D2
412,1119734916655255553,@JackInLDN Send me all the sample
413,1119734913119522817,Sample day at @SamsClub is my favorite.
414,1119734859386298368,@chadfelixg Could be the sample size is too small.
415,1119734725772566530,@srhodge and I HAD to sample the smoked turkey legs. Come see us at the @chattredwolves game! (May have to make these turkey legs a permanent item.) #redwolvessc #chattanooga #charlieschattanooga https://t.co/haWBUjnLw6
416,1119734709301465096,Selling feet pics. Hit me up. #sellingfeetpics #feetpics #paintedtoes #sample https://t.co/Yrws8ZJB6c
417,1119734677865025536,That same Emerson poll says 12% of Warren supporters (or 3 polled people) would support *Trump over Warren!* It's a weird poll with tiny sample sizes that's even further distorted by using choose-one plurality polling. Take it with a truckload of salt.
418,1119734546134654978,@sagemakescont can i sample this?
419,1119734501675012096,@KEEMSTAR I didn't know your fans/followers was big of a sample size to come to this conclusion. You ever think that they are still a small percentage of people?
420,1119734366001823744,VapeWild Best Seller Sample Pack | Vape Giveaway https://t.co/3tTXI1wu3F via @YouTube
421,1119734133779906560,@BernadetteNoBot @New2018World @byebye45byebye @Lady_Star_Gem I‚Äôll take a peek but I‚Äôve tried I‚Äôm down to listening or reading the sample sometimes I can‚Äôt finish that. But I would listen to the Mueller Report in heart beat.
422,1119734129950625792,@LustyLovah I caught him and those ‚Äúdidn‚Äôt know it was a sample‚Äù videos.
423,1119734115421573121,It's not easy to be a stupid but when you borne stupid it's just so sample to be ho you are https://t.co/TuFEdcLwAO
424,1119734067673612288,"""No one is rejecting us. They are rejecting a sample of our work, sometimes only after seeing it through a foggy lens""

 https://t.co/bXCdJmZ8gt"
425,1119733784272883719,"@wcgwvids Ohhh, concrete sample"
426,1119733497835470848,Nu Skin Epoch Glacial Marine Mud Mask üå∏Sample Size üå∏Two Applications üå∏ ¬£4.99End Date: Thursday May-9-2019 13:48:23 BSTBuy It Now for... - https://t.co/uP9lE6kKLm https://t.co/pwp7MNjGWU
427,1119733472103489537,just experimented my sample kit and I am extremely happy... I was so surprised how much the product spreads... its extremely easy to work with! I cant wait to finish my cabinets so o can order my countertop kits.
428,1119733466365607936,I just uploaded ‚ÄúSample 4_20_19‚Äù to #Vimeo: https://t.co/GrFPIsMKCD
429,1119733272253206528,KFC Blocks Our Video https://t.co/dO85LjmTjz via @YouTube
430,1119733220491300865,@callmelyss1 What would a sample bio look like? For formatting purposes
431,1119733178095288320,GREAT DEAL üî•üî•üî•YSL YVES SAINT LAURENT BLACK OPIUM EDT 1.2ml .04fl oz x 1 SPRAY SAMPLE VIAL https://t.co/Akb7jxFmR5 ‚Å¶@eBay‚Å© #ebay #perfume #blackopium #deals #sample #beauty #deals ‚Å¶@eBayDeals‚Å©
432,1119732938399256577,@FrankGibney Slow down Small sample but I‚Äôm liking what he‚Äôs showing us
433,1119732843666706435,@NicoleMae11 @sieannarenee I would like to see where Vegas is at in 10 years... easy to post evidence for one team and not be able to compare a similar sample size.
434,1119732793809022976,enjoy your sample @oddeyephase https://t.co/WinrqRhcQ8
435,1119732787836268544,"Monday in the GSU Plaza... 
5 Chowders to sample and vote on your fav. 
Plus a mini Farmer's Market 11am-1pm rain/shine https://t.co/GO6NnqO85w"
436,1119732720190590976,"@NHSMillion My 82yo Father in Law had a fall this morning, paramedic saw him around 10am, called for non urgent ambulance, he got to hospital at 1pm, triaged at 3pm, when asked at 7pm how long it will be, was told to give a water sample (they forgot at triage) 1/2"
437,1119732661696724992,"LIMITED:  Save 20% on 5 or 10 piece Artius Man Beard Oil Sample Kits!

USE CODE: SAMPLER20  At Checkout and save 20% now!

Offer ends: 4/27 

https://t.co/FFJZw0j3Lt

#beard #bearded https://t.co/TdaA7chT4p"
438,1119732542645657600,"A #sample of the business cards I made to promote myself, just like a real big girl writer does! #indieauthor #writerslife #shamelessselfpromotion https://t.co/hufihSJnsn"
439,1119732509913358343,"@HammerDownHard1 @Lonnie_Hammer @CrossTraxStudio @RXRawlings @KimAllegrezza VERY üî•üî•üî•!!!! 

Can we hear a tiny sample if this gets a couple of hundred likes??"
440,1119732504330510342,"@JeffFletcherOCR DH‚Äôing Smith, Bourjos, and Cozart all in the lineup. That‚Äôs all you need to see about the Angel‚Äôs organizational depth. Even subbing Ohtani eventually at DH and Upton for Bourjos there has to be better options than Cozart. The sample size is big enough IMO."
441,1119732375359852544,I received A Water Bottle &amp; Emergen-C Sample FREE in the Mail Today! What Did You Get? - https://t.co/GeQHp7nv2u https://t.co/v8LQBlQ0rd
442,1119732321148493824,"@schemaly @KevinCarson1 Very small sample, with a lot that doesn't match up well with previous polls, so I think it's best to take this with a big grain of salt. That said, if 25% of Bernie's voters are people he's pulling away from Trump, wouldn't that be a strong argument *for* his candidacy?"
443,1119732316635529221,Agree with that entirely. And for those wanted to sample some a tipple without intrusive negative reports...pop along to our wine tasting session @IsleworthOld next Saturday 27th April from midday. Cheers https://t.co/T9JUF1twwg
444,1119732266811514881,@DerkaCards Lol...thats a pretty small 2019 sample size your Basing that off of. Was solid enough with the bat last year and almost a 4 WAR player in limited time in 2018. If you have 4 WAR GG caliber CF.. YOU PLAY HIM...especially when the corner OF‚Äôs are subpar. We Have PLENTY of bats.
445,1119732157109297152,"As you prepare your #EasterBaskets, may we brightly suggest adding one of these next to the chocolate bunny? Books make little bunnies brighter üí° 
Sample them @ https://t.co/FSDSqgSUoF üê∞ üß∫ üìö #EduGifts https://t.co/SfN8W4kQI5"
446,1119732140722098176,Yesterdays #Archive30 #P≈´rangaranga30 @araScot #ACollection #HeKohinga - sorry I got distracted researching! One of the most amazing collections we have is of Miss Mary Donnan's amateur photography from 1909's-59... here is a sample: https://t.co/CMexRpYIwr
447,1119732031834001408,"Soo, apparently there‚Äôs a ‚Äúbig hits‚Äù list of stoner music in Arabic. Here‚Äôs a sample. https://t.co/6377KeEviQ"
448,1119732003417407489,HAVENT HAD LIVIT YET??!! WE WILL BE LETTING YOU GUYS SAMPLE THE BEST TASTING TEA IN THE UNIVERSE!!!! COME CHAT WIT @POPDACZAR and THE LIVIT GIRLS AT 7206 SHERIFF RD LANDOVER MD FROM‚Ä¶ https://t.co/PkNKumuWei
449,1119731994915688448,"@qin_duke @realikamusume @nsram In any case, all of the above is moot because the 2009/10 Cognitive Abilities Test data that I cite above is the single most comprehensive estimate of group IQs in Britain: that sample consists of the *entirety* of one year cohort in Britain."
450,1119731977614024705,"Yes, you need editing. YES YOU DO. Developmental/copy/proof read to ensure your story is in great shape. That is what reels in fans and keeps them. Shop around, get sample edits, find those who UNDERSTAND and are EXPERIENCED in your subgenre. (tip: don't have same person do all)"
451,1119731928121270272,"@sfwarriorsfan I would push back on that some. I mean, they're the 8th youngest team in NBA playoff history. Not really a good representative sample of the regular vs. postseason disparity."
452,1119731874245619713,"@hinx You‚Äôve got one last sample of cheese left on earth, what‚Äôs your go to?"
453,1119731855178076160,"The TLC Sample Program WORKS.
Loved Results of Sample Instant Tea.
Ordered Her SYNERGY KIT üî•üí•üèÜüíØüôåüèæ
@tlchq ü•áü•áü•á @ Total Life Changes https://t.co/L9ZzAqDFgX"
454,1119731787289128960,@ExamineBaseball @jzonedonttweet People who are desperate enough to sample a 10 second IG clip aren't thinking about quality
455,1119731661023973376,"@JoeGoodberry Your take seems reasonable he played well in a small sample size, has potential."
456,1119731649527283712,Awesome Sample One Page Resume¬†Templates https://t.co/jyNdgrihg1 https://t.co/6kUo4XwXMl
457,1119731634121707521,"@ff_statistics Poor wording I guess. 3 investments. Depending on how many picks I've acquired, I use some picks in the current draft, trade some forward to the next season and add one or two younger players w/proven production even if it's a small sample size."
458,1119731561706999808,enjoy your sample @kiIluaist https://t.co/vYqJvUkGNq
