,Count,Word
0,1.0,05fl
1,1.0,12ml
2,1.0,28a
3,1.0,3pm
4,2.0,abl
5,1.0,ac
6,1.0,addit
7,2.0,aguilar
8,1.0,aj
9,1.0,and
10,3.0,appar
11,1.0,armi
12,1.0,arsenal
13,1.0,art
14,1.0,atrupar
15,3.0,author
16,1.0,award
17,7.0,back
18,1.0,backi
19,2.0,ball
20,5.0,base
21,2.0,bat
22,1.0,bdsm
23,3.0,beer
24,1.0,berni
25,1.0,bhm
26,1.0,bookworm
27,1.0,bridg
28,1.0,brilliant
29,1.0,brittbeard
30,1.0,brooklynbrid
31,1.0,bucket
32,1.0,bullet
33,1.0,cannabi
34,2.0,capit
35,1.0,captain
36,1.0,celebr
37,7.0,cell
38,1.0,certain
39,1.0,chad
40,4.0,chang
41,1.0,chapman
42,1.0,charact
43,5.0,check
44,2.0,chees
45,1.0,chickenman
46,1.0,chronicl
47,1.0,clean
48,2.0,clutch
49,1.0,confer
50,1.0,congrat
51,1.0,content
52,1.0,continent
53,2.0,control
54,1.0,cooki
55,1.0,counter
56,3.0,cream
57,3.0,creat
58,3.0,critic
59,1.0,curd
60,1.0,cute
61,1.0,davidja54683793
62,1.0,dcucent
63,2.0,decid
64,2.0,delici
65,1.0,depth
66,1.0,derkacard
67,1.0,dh
68,1.0,dif
69,1.0,district
70,2.0,do
71,1.0,drdagarw
72,1.0,drdurolog
73,1.0,drink
74,1.0,drugwipeuk
75,5.0,ebay
76,1.0,edugift
77,1.0,english
78,1.0,ensanelybold
79,1.0,ensur
80,1.0,eon
81,1.0,europeelect
82,1.0,everthecraft
83,1.0,excess
84,1.0,exposur
85,1.0,fade
86,1.0,fair
87,2.0,favorit
88,3.0,festiv
89,1.0,fianc
90,5.0,found
91,2.0,freeosk
92,1.0,gooner
93,2.0,grow
94,1.0,guardian
95,1.0,handdream
96,1.0,handl
97,1.0,heebumie
98,1.0,highbal
99,1.0,hike
100,1.0,hinx
101,1.0,hold
102,1.0,hous
103,1.0,httpstco09r1bg5gxb
104,1.0,httpstco9hwozn8ob
105,1.0,httpstcoceynr8eklp
106,1.0,httpstcocmexrpyiwr
107,1.0,httpstcodv4k7lvq4j
108,1.0,httpstcoealrkmwujp
109,1.0,httpstcofcjdxjz1h
110,1.0,httpstcogeqhp7nv2u
111,1.0,httpstcoj7v6fl5xrn
112,1.0,httpstcojov69rwlci
113,1.0,httpstcojx69xp6dbl
114,1.0,httpstcojzbrrgsqht
115,1.0,httpstcol9zzaqdfgx
116,1.0,httpstcoltztrizbjh
117,1.0,httpstcomebafissf2
118,1.0,httpstcomwwafnhnup
119,1.0,httpstcoo5w5jfvkbp
120,1.0,httpstcopknkumuwei
121,1.0,httpstcorbrmmi72fc
122,1.0,httpstcorpp4iz5uxu
123,1.0,httpstcosfn8w4kqi5
124,1.0,httpstcot9juf1twwg
125,1.0,httpstcotdaa7cht4p
126,1.0,httpstcou7pgemslc
127,1.0,httpstcowinrqrhcq8
128,1.0,httpstcoxfnlbzg6k
129,1.0,httpstcoxhlqe7uh5
130,1.0,httpstcoyrws8zjb6c
131,1.0,hundr
132,1.0,ig
133,1.0,in
134,1.0,indiepub
135,1.0,ireland
136,1.0,jakyltheoracl
137,1.0,jillhowell19
138,1.0,jinkiist
139,1.0,joanneklem
140,1.0,jzonedonttweet
141,2.0,kick
142,2.0,kill
143,12.0,kit
144,1.0,kline
145,1.0,kobebeanss
146,3.0,list
147,1.0,locat
148,2.0,log
149,1.0,loser
150,1.0,loui
151,1.0,lt700
152,5.0,made
153,1.0,magazin
154,4.0,make
155,1.0,march
156,1.0,margarita
157,1.0,margin
158,1.0,meat
159,1.0,men
160,1.0,mesa
161,1.0,metropolitan
162,1.0,michel
163,1.0,michellbasl
164,1.0,midwest
165,1.0,moist
166,1.0,monith
167,1.0,monokromfont
168,3.0,more
169,1.0,morgmorgan25
170,1.0,mustread
171,1.0,nail
172,2.0,nigga
173,1.0,notic
174,1.0,oddeyephas
175,2.0,oil
176,1.0,onairromeo
177,2.0,onlin
178,2.0,ophiocordycep
179,3.0,order
180,1.0,oshanada
181,1.0,over
182,1.0,overreact
183,10.0,pack
184,1.0,panda
185,1.0,peek
186,1.0,photograph
187,1.0,photographi
188,1.0,pic
189,1.0,piec
190,2.0,plus
191,1.0,polish
192,17.0,poll
193,1.0,pollsandvot
194,1.0,popup
195,1.0,prangaranga30
196,1.0,propaganda
197,1.0,ranjithramamd
198,1.0,rap
199,1.0,rasmussen
200,1.0,raynehal
201,8.0,read
202,2.0,readi
203,1.0,readingtim
204,1.0,realspidermom
205,1.0,reccommend
206,1.0,remast
207,4.0,rememb
208,1.0,repo
209,4.0,request
210,1.0,respect
211,1.0,restock
212,1.0,resumesw
213,1.0,retrospect
214,3.0,reuter
215,1.0,reviv
216,1.0,rider
217,2.0,roster
218,1.0,rude
219,1.0,sagemakescont
220,1.0,salesman
221,2.0,saturday
222,1.0,scifi
223,1.0,se
224,7.0,season
225,1.0,secret
226,1.0,seen
227,1.0,sendmeanimalp
228,1.0,sentenc
229,2.0,shooter
230,1.0,shot
231,1.0,shown
232,1.0,sight
233,1.0,sign
234,1.0,simpl
235,3.0,situat
236,1.0,skew
237,1.0,sneaker
238,1.0,some
239,2.0,sorri
240,1.0,sourc
241,1.0,speakerpelosi
242,1.0,special
243,2.0,spectrum
244,1.0,stand
245,4.0,start
246,1.0,studio
247,1.0,success
248,1.0,superior
249,13.0,take
250,1.0,talent
251,4.0,team
252,1.0,ten
253,1.0,terrif
254,7.0,the
255,1.0,theori
256,2.0,thing
257,1.0,thursday
258,1.0,tip
259,1.0,tonight
260,1.0,trait
261,1.0,trend
262,2.0,triag
263,1.0,tweetid
264,1.0,understand
265,1.0,upcom
266,1.0,upton
267,15.0,use
268,1.0,valspar
269,1.0,varianc
270,1.0,verifi
271,3.0,voter
272,1.0,wadebogg
273,3.0,walmart
274,7.0,want
275,1.0,wcgwvid
276,2.0,week
277,2.0,white
278,1.0,whoever
279,1.0,window
280,1.0,wipe
281,1.0,world
282,1.0,worth
283,1.0,writerproduc
284,1.0,writingcommmun
285,5.0,wrong
286,19.0,year
287,7.0,youtub
288,1.0,youv
289,1.0,16year
290,1.0,40mackenzi
291,1.0,420day
292,1.0,7pm
293,1.0,abil
294,1.0,ad
295,1.0,adopt
296,3.0,adult
297,1.0,against
298,1.0,age
299,1.0,aim
300,1.0,akaevert
301,1.0,allow
302,1.0,ambul
303,1.0,answer
304,1.0,applic
305,2.0,approv
306,7.0,april
307,6.0,ask
308,1.0,bartend
309,4.0,beard
310,1.0,behind
311,1.0,biolog
312,1.0,bitch
313,1.0,bk4
314,1.0,blame
315,5.0,book
316,1.0,bottl
317,2.0,break
318,1.0,bryant
319,1.0,bundestag
320,1.0,buyhttpstcoquf8qshkun
321,1.0,cancer
322,1.0,career
323,1.0,castronomynew
324,1.0,cathi
325,1.0,cbokhov
326,1.0,chattanooga
327,1.0,checkout
328,1.0,chengdu
329,1.0,chines
330,1.0,chrysali
331,1.0,citi
332,2.0,complet
333,1.0,comprehens
334,1.0,concert
335,2.0,conduct
336,2.0,conserv
337,1.0,contact
338,1.0,cool
339,4.0,cours
340,1.0,credibl
341,1.0,crime
342,1.0,crowley
343,1.0,csald
344,1.0,custodi
345,1.0,dark
346,2.0,date
347,1.0,dax
348,1.0,db
349,3.0,deal
350,1.0,delet
351,1.0,depart
352,1.0,deserv
353,1.0,desper
354,4.0,didnt
355,1.0,differenti
356,1.0,divorc
357,3.0,download
358,1.0,drew
359,1.0,drserefoglu
360,3.0,easi
361,3.0,editor
362,1.0,edt
363,4.0,end
364,1.0,entir
365,2.0,evid
366,1.0,excit
367,1.0,execut
368,3.0,fail
369,1.0,fantast
370,1.0,featur
371,4.0,finish
372,3.0,flavor
373,1.0,follow
374,1.0,footsub
375,1.0,format
376,1.0,foundat
377,2.0,friend
378,4.0,fuck
379,5.0,full
380,1.0,gameofthron
381,1.0,garden
382,1.0,gavel
383,1.0,genr
384,22.0,get
385,1.0,gg
386,1.0,gift
387,3.0,girl
388,1.0,god
389,1.0,gold
390,3.0,gonna
391,2.0,greater
392,1.0,group
393,1.0,gustavia_bon
394,1.0,hey
395,3.0,hit
396,1.0,hock
397,1.0,houston
398,1.0,httpstco0mpc4pnqwt
399,1.0,httpstco8qwiu0msmc
400,1.0,httpstco8whzi7jc80
401,1.0,httpstco9ptqt20def
402,1.0,httpstcoaupisxtcbq
403,1.0,httpstcobeae0kyj8c
404,1.0,httpstcodjcb9evspr
405,1.0,httpstcoeu9ewlvaq2
406,2.0,httpstcoew3jomtlvz
407,1.0,httpstcoeyubvkhbn2
408,1.0,httpstcon7jyyv8jul
409,1.0,httpstcotufedclwao
410,1.0,httpstcoup9le6kklm
411,1.0,httpstcovpvuaiapc3
412,1.0,httpstcoxgztzctlbi
413,1.0,httpstcoy9r6y2hfwg
414,1.0,hushcityapp
415,3.0,hybrid
416,1.0,icon
417,1.0,imjackfrank
418,1.0,indiepubtip
419,1.0,inexperienc
420,1.0,insan
421,3.0,interview
422,1.0,irrat
423,1.0,isnt
424,1.0,jackinldn
425,1.0,jersey_craig
426,1.0,justdoit_sampl
427,1.0,jwmcpeak
428,1.0,kareem
429,1.0,keemstar
430,1.0,kiiluaist
431,1.0,kkon19
432,1.0,lancspolic
433,5.0,larger
434,1.0,legaci
435,4.0,limit
436,1.0,liter
437,1.0,literatur
438,1.0,live
439,3.0,logic
440,1.0,lower
441,1.0,lt6675
442,1.0,lveltm
443,1.0,magagir
444,3.0,mail
445,1.0,mainland
446,1.0,marissawebbnyc
447,1.0,markpatrick
448,1.0,massara
449,2.0,mean
450,1.0,membership
451,1.0,minhopr
452,2.0,mini
453,1.0,minut
454,1.0,misscontrol
455,1.0,moment
456,1.0,money
457,2.0,month
458,1.0,motorbik
459,1.0,nay
460,2.0,nba
461,1.0,nephrologist
462,1.0,news
463,1.0,night
464,1.0,nike
465,1.0,nitwitschool
466,4.0,novel
467,1.0,novelin
468,1.0,nu
469,1.0,nytdavidbrook
470,1.0,oakachibeat
471,1.0,ok
472,5.0,old
473,25.0,one
474,2.0,operationalsupport
475,1.0,or
476,1.0,pandi
477,2.0,parti
478,1.0,past
479,1.0,patern
480,3.0,perfum
481,1.0,period
482,2.0,photo
483,1.0,playboikadz
484,1.0,plaza
485,3.0,pleas
486,1.0,poetnartist
487,5.0,poor
488,2.0,post
489,1.0,predict
490,1.0,preinterview
491,1.0,pretend
492,2.0,print
493,3.0,program
494,1.0,provid
495,1.0,push
496,1.0,qb1
497,1.0,radium
498,3.0,rate
499,2.0,real
500,1.0,realest
501,1.0,redwolvessc
502,1.0,regist
503,1.0,renegade_roo
504,3.0,report
505,1.0,romanc
506,2.0,ronpotesta
507,1.0,room
508,4.0,said
509,267.0,sampl
510,1.0,sandwich
511,1.0,scientif
512,2.0,seat
513,1.0,session
514,1.0,shawoibeb
515,1.0,solut
516,1.0,songsampl
517,1.0,soo
518,1.0,soopa
519,1.0,spirit
520,1.0,stage
521,1.0,status
522,1.0,strikerfals
523,1.0,studi
524,1.0,suit
525,1.0,supercollect
526,2.0,support
527,1.0,surpris
528,1.0,suspici
529,1.0,sweet
530,1.0,tabloid
531,1.0,tampa
532,1.0,tape
533,2.0,tea
534,2.0,team2
535,1.0,telegramdotcom
536,1.0,themorningspew
537,1.0,theyr
538,9.0,this
539,1.0,thulrob
540,13.0,time
541,2.0,tini
542,1.0,tour
543,1.0,track
544,1.0,train
545,1.0,travel
546,2.0,tribe
547,1.0,true
548,2.0,turkey
549,1.0,twenti
550,2.0,uchiyama
551,1.0,ultracel
552,1.0,union
553,1.0,urgent
554,1.0,vern
555,1.0,web
556,4.0,well
557,1.0,went
558,1.0,whu
559,3.0,wine
560,2.0,with
561,1.0,won
562,2.0,yes
563,1.0,yesterday
564,1.0,youll
565,1.0,ysl
566,1.0,32bit
567,1.0,849kjh
568,1.0,87a
569,3.0,a
570,1.0,abigail
571,1.0,acquir
572,1.0,aka
573,1.0,alkoholik
574,4.0,all
575,2.0,along
576,2.0,alreadi
577,1.0,alum
578,1.0,ameri
579,13.0,amp
580,1.0,anodetoyounct
581,1.0,ant
582,1.0,apart
583,1.0,argument
584,4.0,around
585,1.0,artius
586,1.0,as
587,1.0,ass
588,2.0,assist
589,2.0,assum
590,1.0,attempt
591,1.0,aug1405
592,1.0,az
593,1.0,batch
594,1.0,bb
595,1.0,beach
596,1.0,beardsunit
597,1.0,beerwin
598,2.0,beetl
599,1.0,behalf
600,1.0,benandjerri
601,10.0,best
602,1.0,beyonc
603,1.0,binkymack
604,1.0,biz
605,1.0,brighter
606,2.0,britain
607,1.0,browni
608,1.0,busi
609,2.0,buy
610,1.0,calib
611,1.0,callmelyss1
612,2.0,card
613,1.0,carolina
614,1.0,cat
615,1.0,cf
616,1.0,chadfelixg
617,1.0,chapter
618,2.0,chat
619,1.0,clip
620,2.0,close
621,1.0,cobbleston
622,1.0,cognit
623,2.0,cohort
624,1.0,colin__wolf
625,2.0,collect
626,1.0,collegefootbal
627,8.0,come
628,1.0,communitydayslc
629,1.0,compar
630,1.0,complain
631,2.0,conclus
632,1.0,concret
633,1.0,contamin
634,1.0,copyhttpstcovotwj9s8rx
635,1.0,councilor
636,1.0,countri
637,1.0,country_jayhawk
638,3.0,coupl
639,1.0,craftbrew
640,1.0,crisi
641,1.0,custom
642,1.0,daili
643,5.0,danc
644,1.0,dare
645,9.0,day
646,1.0,depend
647,1.0,derang
648,1.0,deviat
649,1.0,devic
650,1.0,distort
651,1.0,dmndstr
652,1.0,doge_day
653,1.0,donald
654,2.0,dontdrinkanddr
655,1.0,downsampl
656,1.0,dudley
657,2.0,ebayd
658,5.0,edit
659,1.0,elgizmo
660,1.0,embroideri
661,1.0,emerson
662,1.0,employe
663,2.0,en
664,1.0,enya
665,1.0,epic
666,1.0,ericswalwel
667,1.0,erlang
668,1.0,essi
669,1.0,eu
670,5.0,everi
671,1.0,evil
672,2.0,excel
673,3.0,experi
674,1.0,experiment
675,1.0,extract
676,1.0,facebook
677,1.0,falsifi
678,1.0,fan
679,1.0,ff_statist
680,1.0,fiction
681,1.0,findommegoddess
682,3.0,fire
683,3.0,forward
684,1.0,frankgibney
685,22.0,free
686,1.0,freebi
687,1.0,friday
688,1.0,gday
689,1.0,german
690,3.0,giveaway
691,6.0,given
692,1.0,glaw
693,1.0,glean
694,10.0,go
695,2.0,goe
696,2.0,grade
697,10.0,great
698,1.0,gsu
699,1.0,guitarrista
700,1.0,gutteridge_alec
701,2.0,half
702,2.0,happi
703,2.0,havent
704,1.0,hawaii
705,1.0,hell
706,1.0,hemp
707,6.0,hes
708,1.0,honey
709,1.0,hook
710,1.0,hpbasketbal
711,2.0,httpstco7u4h5e5wox
712,1.0,httpstco81aapguls
713,1.0,httpstcoa9khzlxyd9
714,1.0,httpstcobawkwcsml
715,1.0,httpstcobjrl4jm3di
716,1.0,httpstcocmtcogc5gt
717,1.0,httpstcodo85ljmtjz
718,1.0,httpstcodoyugjndfx
719,1.0,httpstcody0zud2uyn
720,1.0,httpstcoejxlk0gb07
721,1.0,httpstcoge6kkwy6qi
722,1.0,httpstcogrfpismkcd
723,1.0,httpstcojyndgrihg1
724,1.0,httpstcol6wrgna5vb
725,1.0,httpstcolglgt8zdwj
726,1.0,httpstcolmqgbuzgpf
727,1.0,httpstcoly358m1jhc
728,1.0,httpstconj54tbyhoc
729,1.0,httpstconokudszpr9
730,1.0,httpstcophydhpkyrk
731,1.0,httpstcopwp7mnjgwu
732,1.0,httpstcouewkpos9pf
733,1.0,httpstcov8lqblq0rd
734,1.0,httpstcovtbzynf7dh
735,1.0,httpstcozoj49gvhcc
736,1.0,httpstcozyosivhdec
737,5.0,idea
738,1.0,ii
739,2.0,import
740,1.0,inde
741,3.0,independ
742,1.0,indieauthor
743,9.0,inform
744,1.0,instant
745,1.0,intrus
746,1.0,jamaica
747,1.0,jame
748,1.0,jk_riki
749,1.0,jtrumptilian
750,1.0,kakkotokravtsov
751,1.0,kengrimes9
752,1.0,kfc
753,1.0,killer
754,12.0,know
755,1.0,kombucha
756,1.0,lady_star_gem
757,1.0,later
758,1.0,lauren
759,1.0,law
760,1.0,learn
761,2.0,led
762,3.0,left
763,4.0,life
764,1.0,lineup
765,1.0,lit
766,1.0,lololol
767,1.0,loughlin
768,1.0,low
769,1.0,luck
770,1.0,madeinnyc
771,1.0,magnifi
772,3.0,man
773,1.0,market
774,9.0,masaki
775,1.0,mask
776,2.0,matter
777,1.0,may92019
778,1.0,md
779,1.0,mediev
780,1.0,mekosoff
781,1.0,minor
782,1.0,morn
783,1.0,mostrequestedl
784,1.0,multigenr
785,1.0,multipl
786,3.0,music
787,2.0,musiqu
788,2.0,must
789,1.0,mwagain
790,1.0,my
791,2.0,natur
792,1.0,necessari
793,8.0,need
794,1.0,new2018world
795,2.0,no
796,1.0,nowplay
797,1.0,nqt
798,3.0,number
799,1.0,o
800,2.0,offens
801,2.0,offer
802,1.0,opus
803,1.0,overr
804,2.0,oz
805,1.0,patchwork
806,1.0,penn
807,1.0,percentag
808,4.0,pick
809,6.0,play
810,1.0,plenti
811,1.0,polit
812,1.0,popdaczar
813,1.0,portadown
814,2.0,posit
815,1.0,postseason
816,1.0,previous
817,1.0,prior
818,1.0,probabl
819,4.0,product
820,2.0,prospect
821,1.0,ps2
822,1.0,psoesampd
823,1.0,quest
824,1.0,quick
825,1.0,rainshin
826,2.0,rare
827,1.0,ray
828,1.0,raymond
829,1.0,rdrhwke
830,1.0,reaction
831,3.0,reader
832,1.0,realcandaceo
833,2.0,realdonaldtrump
834,1.0,realikamusum
835,1.0,realist
836,8.0,realli
837,2.0,reason
838,2.0,redsox
839,1.0,refin
840,2.0,regular
841,1.0,remark
842,1.0,reneecarrollaz
843,6.0,repres
844,3.0,respond
845,1.0,retard
846,1.0,rhetor
847,2.0,ricolausa
848,1.0,romeinsilv
849,3.0,run
850,1.0,runway
851,1.0,saint
852,1.0,salad
853,1.0,saw
854,1.0,scream
855,1.0,sellingfeetp
856,2.0,servic
857,3.0,sever
858,1.0,shitti
859,1.0,shoutout
860,3.0,site
861,1.0,slight
862,22.0,small
863,1.0,smh
864,2.0,someth
865,4.0,sometim
866,1.0,sort
867,1.0,stall
868,1.0,statewid
869,7.0,stationeri
870,1.0,stayhumbl
871,1.0,stickermul
872,1.0,super
873,1.0,surveynot
874,1.0,swing
875,1.0,sylvia
876,3.0,talk
877,1.0,taurusbeat
878,5.0,thank
879,6.0,there
880,1.0,therealsadistik
881,1.0,they
882,1.0,told
883,1.0,ton
884,1.0,total
885,1.0,trax
886,1.0,tutori
887,1.0,uncleancasu
888,1.0,unfortun
889,2.0,univers
890,1.0,unqualifi
891,1.0,upload
892,1.0,user
893,1.0,vagu
894,1.0,vent
895,3.0,vs
896,2.0,warren
897,2.0,watch
898,1.0,wealthi
899,1.0,weddingbug
900,1.0,whole
901,2.0,without
902,1.0,woman
903,1.0,wonderland
904,1.0,woo
905,2.0,worst
906,3.0,yay
907,2.0,yc
908,1.0,yet
909,1.0,young
910,5.0,yousampl
911,1.0,10am
912,1.0,11am1pm
913,1.0,1pm
914,1.0,3d
915,1.0,48000khz
916,1.0,8th
917,1.0,aapologet
918,2.0,adventur
919,1.0,aeroplan
920,3.0,agre
921,1.0,alambeat
922,1.0,album
923,2.0,aliv
924,1.0,alumni
925,1.0,analyt
926,1.0,apolog
927,2.0,area
928,1.0,arent
929,1.0,arsenalamerica
930,1.0,at
931,1.0,attent
932,1.0,authent
933,2.0,avail
934,1.0,await
935,1.0,b
936,1.0,bc
937,2.0,begin
938,1.0,bioavail
939,1.0,blackpool
940,1.0,blasthedd
941,1.0,boddy604
942,2.0,bourjo
943,1.0,brew
944,1.0,brexit
945,1.0,broke
946,1.0,bstbuy
947,1.0,byebye45byeby
948,1.0,cabinet
949,1.0,california
950,1.0,care
951,1.0,cflorez8
952,1.0,chanc
953,1.0,charl
954,1.0,charliekirk11
955,1.0,china
956,1.0,chocol
957,1.0,choir
958,1.0,chooseon
959,1.0,chris
960,1.0,civil
961,1.0,club
962,1.0,cnnpolit
963,1.0,code
964,1.0,colagen
965,1.0,colist
966,1.0,colleg
967,1.0,column
968,1.0,con
969,1.0,connerjeromec
970,1.0,consid
971,1.0,consist
972,1.0,convinc
973,4.0,could
974,2.0,councillor
975,1.0,countertop
976,1.0,credit
977,1.0,daddi
978,1.0,darthcalculus
979,3.0,definit
980,3.0,design
981,1.0,desync
982,2.0,differ
983,1.0,digibytecoin
984,1.0,distributor
985,1.0,dmd
986,2.0,doe
987,2.0,dr
988,3.0,drop
989,2.0,drunk
990,1.0,dumb
991,1.0,e1n
992,1.0,earli
993,1.0,earliest
994,1.0,eberjey
995,1.0,eedar
996,1.0,els
997,1.0,emot
998,8.0,enough
999,1.0,epoch
1000,1.0,era
1001,1.0,erotica
1002,4.0,ever
1003,2.0,everyon
1004,1.0,examinebasebal
1005,2.0,expect
1006,1.0,experienc
1007,4.0,extrem
1008,1.0,f_beto
1009,2.0,fall
1010,1.0,fant
1011,1.0,fav
1012,1.0,feetpic
1013,1.0,field
1014,4.0,find
1015,3.0,first
1016,1.0,forgot
1017,1.0,fulli
1018,1.0,gaslight
1019,1.0,generalamidala
1020,1.0,geograph
1021,1.0,godzilla
1022,9.0,good
1023,1.0,goosethaflerken
1024,11.0,got
1025,1.0,guess
1026,1.0,hammerdownhard1
1027,1.0,health
1028,1.0,hear
1029,1.0,horrif
1030,1.0,httpstco0pddv5tir6
1031,1.0,httpstco0qmc1yrtmv
1032,1.0,httpstco1pqkt8lviw
1033,1.0,httpstco3ttxi1wu3f
1034,1.0,httpstco5eorgsbasz
1035,1.0,httpstco6377keeviq
1036,2.0,httpstco8ursipvglp
1037,1.0,httpstcoad7y1nguk9
1038,1.0,httpstcocfji26jf9v
1039,1.0,httpstcodmshvyzv6f
1040,1.0,httpstcofuqrtq3ep1
1041,2.0,httpstcofzihwff4tb
1042,1.0,httpstcogo6nnqo85w
1043,1.0,httpstcogzfycdhlqf
1044,1.0,httpstcohhokpduq68
1045,1.0,httpstcohufihsjnsn
1046,1.0,httpstcoi4hjapq0si
1047,1.0,httpstcoj7prm23ss9
1048,1.0,httpstcojewvdcfhw
1049,1.0,httpstcojfwut8cmhd
1050,1.0,httpstcomkyx7bdbyt
1051,1.0,httpstcondbz1y4ayd
1052,1.0,httpstcoqgpjfvbmql
1053,1.0,httpstcox5nenwqlgi
1054,1.0,httpstcoy6mytodim2
1055,1.0,i
1056,1.0,imac
1057,1.0,imo
1058,1.0,indict
1059,2.0,informazioni
1060,1.0,introduct
1061,1.0,iq
1062,1.0,iran
1063,1.0,isol
1064,1.0,isotop
1065,3.0,issu
1066,1.0,itsessi
1067,1.0,jonz970
1068,1.0,judg
1069,1.0,justifi
1070,2.0,keep
1071,1.0,kobe
1072,1.0,la
1073,1.0,languag
1074,2.0,larg
1075,2.0,leav
1076,1.0,lemon
1077,1.0,lesson
1078,1.0,lgbtshine
1079,1.0,lift
1080,18.0,like
1081,1.0,lolololol
1082,1.0,loop
1083,1.0,lv
1084,1.0,mack
1085,1.0,mall
1086,1.0,marin
1087,5.0,me
1088,1.0,meemeemya
1089,1.0,member
1090,1.0,midround
1091,1.0,mjziegelmann
1092,1.0,mps
1093,1.0,mud
1094,2.0,mueller
1095,2.0,musica
1096,3.0,musik
1097,1.0,mysteri
1098,1.0,n1
1099,1.0,natsinni
1100,1.0,nb
1101,2.0,never
1102,1.0,not
1103,1.0,novack
1104,1.0,occup
1105,2.0,of
1106,1.0,oliv
1107,1.0,onedr
1108,1.0,onli
1109,1.0,organiz
1110,2.0,origin
1111,1.0,oxymoron
1112,1.0,paintedto
1113,1.0,pandimus
1114,4.0,paper
1115,1.0,park
1116,3.0,pat_egan
1117,7.0,peopl
1118,1.0,per
1119,2.0,person
1120,1.0,pierrebourn
1121,1.0,pierrot
1122,1.0,plural
1123,1.0,politician
1124,1.0,popul
1125,1.0,power
1126,2.0,prepar
1127,4.0,pretti
1128,1.0,problemcod
1129,1.0,promot
1130,2.0,purpos
1131,3.0,qualiti
1132,2.0,quit
1133,1.0,raci
1134,1.0,rather
1135,2.0,rd
1136,1.0,realbrianmartin
1137,1.0,recogn
1138,1.0,relat
1139,1.0,releas
1140,1.0,render
1141,3.0,republican
1142,1.0,respons
1143,1.0,return
1144,1.0,revert
1145,1.0,rickvanov
1146,3.0,right
1147,2.0,rough
1148,1.0,russian
1149,1.0,samplealgo
1150,1.0,samplehttpstcogjhwri4l7
1151,1.0,scandal
1152,2.0,school
1153,15.0,see
1154,2.0,send
1155,1.0,serial
1156,1.0,serremmi
1157,1.0,sextonw
1158,1.0,sheriff
1159,1.0,shineekick
1160,1.0,shit
1161,1.0,shoot
1162,2.0,shop
1163,7.0,show
1164,2.0,side
1165,1.0,sigma
1166,2.0,similar
1167,1.0,similarthough
1168,3.0,sinc
1169,3.0,singl
1170,1.0,sinow
1171,1.0,sitesect
1172,1.0,skin
1173,1.0,smell
1174,1.0,smith
1175,1.0,so
1176,1.0,soul
1177,3.0,sound
1178,1.0,soviet
1179,1.0,spread
1180,1.0,stoner
1181,4.0,stori
1182,2.0,stretch
1183,1.0,student
1184,1.0,survat
1185,1.0,swag
1186,1.0,thechroniclesofthewhitetow
1187,1.0,therealjitsu
1188,1.0,tho
1189,3.0,though
1190,2.0,three
1191,1.0,throat
1192,1.0,throwback
1193,1.0,til
1194,1.0,tinkercad
1195,1.0,tippl
1196,1.0,tjkgolf21
1197,1.0,tlc
1198,1.0,too
1199,1.0,transport
1200,1.0,tsygxlgo
1201,1.0,twitter
1202,1.0,unlimit
1203,2.0,up
1204,1.0,usa
1205,2.0,valu
1206,7.0,via
1207,1.0,vidit_sharma_
1208,1.0,viktorandrolf
1209,1.0,vimeo
1210,2.0,w
1211,1.0,wakefield
1212,1.0,wasnt
1213,2.0,wed
1214,2.0,weird
1215,2.0,what
1216,1.0,whatev
1217,2.0,wing
1218,1.0,wit
1219,1.0,worcest
1220,3.0,word
1221,12.0,work
1222,3.0,wouldnt
1223,1.0,wow
1224,1.0,wproven
1225,2.0,writer
1226,2.0,written
1227,2.0,youd
1228,4.0,your
1229,2.0,yule
1230,1.0,zili
1231,1.0,3098onetrickponi
1232,1.0,82yo
1233,1.0,abharris03
1234,2.0,actual
1235,1.0,advers
1236,3.0,ago
1237,1.0,alaska
1238,5.0,alway
1239,1.0,american
1240,1.0,amy_siskind
1241,1.0,angel
1242,2.0,anyth
1243,1.0,apolojed1
1244,1.0,app
1245,1.0,archive30
1246,1.0,aron
1247,1.0,articl
1248,1.0,attitud
1249,1.0,awar
1250,1.0,away
1251,2.0,badassbeardcar
1252,1.0,balancetonbeat
1253,1.0,baltimor
1254,1.0,basi
1255,2.0,beat
1256,1.0,beatstar
1257,1.0,benberdankwe
1258,1.0,bernadettenobot
1259,1.0,bias
1260,6.0,big
1261,1.0,billion
1262,2.0,bitcoin
1263,1.0,bookish
1264,1.0,bore
1265,1.0,breitbartnew
1266,1.0,brianhuffl
1267,1.0,bridal
1268,1.0,bright
1269,1.0,bro
1270,1.0,broaden
1271,1.0,bruin
1272,1.0,build
1273,2.0,bunni
1274,1.0,but
1275,1.0,challeng
1276,1.0,cite
1277,3.0,clear
1278,1.0,click
1279,1.0,coachella
1280,1.0,columbin
1281,1.0,crimin
1282,1.0,crosstraxstudio
1283,3.0,data
1284,2.0,debat
1285,1.0,deephaven
1286,2.0,departur
1287,1.0,dinner
1288,1.0,distant
1289,1.0,dominicbenson
1290,1.0,donat
1291,4.0,done
1292,1.0,donni
1293,1.0,dontbemaudest
1294,1.0,draft
1295,1.0,eager
1296,1.0,easterbasket
1297,1.0,edibl
1298,1.0,edp
1299,1.0,effect
1300,2.0,elit
1301,1.0,ellendehaven
1302,1.0,embarrass
1303,1.0,emergenc
1304,1.0,empti
1305,1.0,error
1306,1.0,face
1307,1.0,faction
1308,1.0,fansfollow
1309,1.0,farmer
1310,4.0,feel
1311,3.0,food
1312,1.0,formul
1313,1.0,fragranc
1314,1.0,ft
1315,1.0,galaxi
1316,1.0,gather
1317,1.0,gave
1318,1.0,geologist
1319,1.0,glacial
1320,3.0,glass
1321,1.0,gram
1322,1.0,greaterlosangeleswriterssocieti
1323,1.0,halfsist
1324,1.0,halsey
1325,2.0,happen
1326,3.0,hard
1327,1.0,hate
1328,1.0,hekohinga
1329,1.0,hockeysw
1330,1.0,home
1331,1.0,honor
1332,1.0,hornet
1333,1.0,httpstco18cyenphs
1334,1.0,httpstco3qm08pprcr
1335,1.0,httpstco6kuo4xwxml
1336,1.0,httpstcobex17f1qfk
1337,1.0,httpstcobxcdjmz8gt
1338,1.0,httpstcodzdi5vt9df
1339,1.0,httpstcoiecfqhr6zx
1340,1.0,httpstcoiredo0hwbt
1341,1.0,httpstcojsonu6k8jc
1342,1.0,httpstcojx0a3ynyv1
1343,1.0,httpstcok9somq6nep
1344,1.0,httpstcokn1f7tphxk
1345,1.0,httpstcolelatarmsi
1346,1.0,httpstconjf3fvwcpb
1347,1.0,httpstcoqglo60d24h
1348,1.0,httpstcos8lwar66d2
1349,1.0,httpstcou87evo35j
1350,1.0,httpstcoyrinackj6z
1351,2.0,id
1352,8.0,ill
1353,1.0,impeach
1354,1.0,info
1355,1.0,intellig
1356,1.0,intern
1357,1.0,interva
1358,1.0,intrigu
1359,1.0,invest
1360,1.0,irish
1361,1.0,isleworthold
1362,3.0,item
1363,1.0,j
1364,1.0,jaynewthb
1365,1.0,jinkibloom
1366,1.0,jlasalle20
1367,1.0,joo
1368,1.0,jump
1369,2.0,kevincarson1
1370,2.0,kindl
1371,1.0,knockout
1372,1.0,knowledgeawarenessinterest
1373,1.0,known
1374,1.0,kravtsovt
1375,1.0,kyle
1376,1.0,lack
1377,1.0,leagu
1378,1.0,leed
1379,9.0,let
1380,1.0,lolthat
1381,1.0,lonnie_hamm
1382,1.0,madaaahlynn
1383,2.0,mari
1384,2.0,marri
1385,1.0,marriag
1386,2.0,match
1387,1.0,mayb
1388,1.0,mi5
1389,3.0,might
1390,1.0,mobil
1391,2.0,most
1392,1.0,mostrequestl
1393,1.0,mysocialpoint
1394,1.0,nation
1395,1.0,near
1396,6.0,new
1397,1.0,newshour
1398,1.0,nhsmillion
1399,1.0,non
1400,1.0,nonstandard
1401,1.0,ntlmuseumsscot
1402,3.0,on
1403,1.0,on_the_fence__
1404,2.0,organ
1405,1.0,paint
1406,1.0,paramed
1407,1.0,parent
1408,1.0,particular
1409,1.0,pee
1410,2.0,pete
1411,2.0,playoff
1412,1.0,plot
1413,1.0,pls
1414,1.0,point
1415,2.0,polar
1416,1.0,poster
1417,3.0,potenti
1418,1.0,potus
1419,1.0,ppepp
1420,1.0,ppportun
1421,1.0,present
1422,1.0,pro
1423,1.0,purchas
1424,2.0,put
1425,1.0,quantiti
1426,2.0,receiv
1427,4.0,research
1428,2.0,salsa
1429,1.0,sampler20
1430,1.0,samplesal
1431,1.0,samsclub
1432,1.0,satoshi
1433,6.0,say
1434,1.0,scottsdalechmbr
1435,1.0,seek
1436,1.0,set
1437,1.0,sfwarriorsfan
1438,1.0,share
1439,1.0,skeuly1
1440,1.0,slaint
1441,1.0,slow
1442,1.0,sport
1443,1.0,sportsillustr
1444,1.0,srhodg
1445,1.0,standard
1446,1.0,stevekerr
1447,1.0,still
1448,2.0,stool
1449,1.0,strang
1450,2.0,strong
1451,1.0,stuff
1452,1.0,subgenr
1453,1.0,subsequ
1454,1.0,successisablend
1455,1.0,sunday
1456,1.0,suspect
1457,3.0,tast
1458,1.0,taxpay
1459,1.0,team3tacop
1460,1.0,testimoni
1461,2.0,them
1462,8.0,think
1463,1.0,thomson
1464,1.0,tight
1465,1.0,tlchq
1466,6.0,today
1467,3.0,togeth
1468,2.0,tomorrow
1469,2.0,took
1470,3.0,top
1471,1.0,trailer
1472,1.0,truckload
1473,1.0,trump______
1474,1.0,ukranian
1475,1.0,usthey
1476,1.0,usual
1477,1.0,vega
1478,2.0,vehicl
1479,1.0,viewthrudifey
1480,1.0,viktor
1481,1.0,voic
1482,5.0,vote
1483,1.0,watchchad
1484,3.0,water
1485,1.0,wgastaffboost
1486,2.0,win
1487,1.0,wirework
1488,1.0,writerslif
1489,1.0,x
1490,1.0,xr64
1491,2.0,yeah
1492,1.0,04fl
1493,1.0,1909s59
1494,1.0,1st
1495,1.0,27th
1496,1.0,374ak
1497,1.0,3dembroideri
1498,1.0,40db
1499,1.0,499end
1500,1.0,9th
1501,1.0,abduljabbar
1502,1.0,add
1503,2.0,also
1504,1.0,amazon
1505,1.0,amongst
1506,1.0,anecdot
1507,1.0,anim
1508,1.0,annual
1509,3.0,anoth
1510,1.0,appari
1511,1.0,arascot
1512,1.0,arndt
1513,1.0,arrest
1514,1.0,aspect
1515,2.0,awesom
1516,1.0,background
1517,3.0,bad
1518,2.0,be
1519,1.0,beadwork
1520,1.0,becaus
1521,2.0,becom
1522,1.0,berri
1523,2.0,bet
1524,3.0,better
1525,1.0,bio
1526,3.0,black
1527,1.0,blackopium
1528,1.0,blendedchat
1529,2.0,block
1530,1.0,blog
1531,1.0,blueson
1532,2.0,board
1533,1.0,boogi
1534,1.0,booklov
1535,3.0,boy
1536,1.0,britt
1537,1.0,bts_twt
1538,1.0,buck
1539,2.0,buzz
1540,1.0,canada
1541,1.0,candidaci
1542,1.0,carti
1543,1.0,caturday
1544,1.0,caus
1545,1.0,chage
1546,2.0,chai
1547,1.0,chainz
1548,1.0,charg
1549,1.0,charlesfinch
1550,1.0,chowder
1551,1.0,cma
1552,1.0,confid
1553,2.0,cop
1554,1.0,corner
1555,2.0,cozart
1556,1.0,cudi
1557,1.0,cue
1558,1.0,cult
1559,1.0,curi
1560,1.0,dan
1561,1.0,dawg
1562,2.0,dawn
1563,1.0,death
1564,4.0,democrat
1565,1.0,developmentalcopyproof
1566,1.0,did
1567,1.0,discuss
1568,1.0,dispar
1569,1.0,distract
1570,1.0,dog
1571,1.0,donnan
1572,7.0,dont
1573,1.0,down
1574,4.0,driver
1575,1.0,drug
1576,1.0,earlier
1577,1.0,earth
1578,2.0,easter
1579,1.0,edit_susan
1580,1.0,edtech
1581,1.0,ego
1582,2.0,either
1583,1.0,element
1584,1.0,estim
1585,1.0,etud
1586,1.0,evelynmcquari
1587,1.0,everyth
1588,1.0,exhibitor
1589,1.0,expand
1590,1.0,fact
1591,1.0,feet
1592,1.0,finslav
1593,1.0,fizz
1594,2.0,foggi
1595,2.0,forc
1596,2.0,from
1597,14.0,game
1598,1.0,gaylon
1599,1.0,georgia
1600,1.0,goat
1601,1.0,gothkjh
1602,1.0,grain
1603,1.0,gusmanb
1604,3.0,guy
1605,1.0,haze_dgb
1606,1.0,hhpapazian
1607,2.0,high
1608,1.0,higher
1609,2.0,highest
1610,1.0,himespeci
1611,1.0,histori
1612,1.0,ho
1613,1.0,horror
1614,1.0,hospit
1615,1.0,howardschultz
1616,1.0,httpstco06ewg2brwh
1617,1.0,httpstco45glovdelw
1618,1.0,httpstcoayb0xjae3g
1619,1.0,httpstcobmmeygpumk
1620,1.0,httpstcoc0b1db17xk
1621,1.0,httpstcodboyml4mzn
1622,1.0,httpstcofsdsqgsuof
1623,1.0,httpstcohawbujnlw6
1624,1.0,httpstcohuwi3z7pip
1625,1.0,httpstcoj9393zlohi
1626,1.0,httpstcojnmbpzmdlf
1627,1.0,httpstcok8gdu1a2i
1628,1.0,httpstcokwafgezxfk
1629,1.0,httpstcokzfu20i4e1
1630,1.0,httpstcon0swtgqkza
1631,1.0,httpstcon3vntiqv0u
1632,1.0,httpstcoonlr0kuh1t
1633,1.0,httpstcor7rozszhrn
1634,1.0,httpstcorwnsd8i6gh
1635,1.0,httpstcotro1irdtik
1636,1.0,httpstcovyqjvukgnq
1637,1.0,httpstcoxuwgy0kqtc
1638,1.0,httpstcoyzr5e10dcd
1639,2.0,huge
1640,4.0,ice
1641,1.0,incred
1642,1.0,indic
1643,1.0,industri
1644,1.0,infer
1645,1.0,intent
1646,1.0,invas
1647,1.0,involv
1648,1.0,ipso
1649,1.0,irishtim
1650,2.0,is
1651,5.0,japan
1652,2.0,japon
1653,1.0,jefffletcherocr
1654,1.0,jessica
1655,2.0,job
1656,1.0,joepalank
1657,1.0,jone
1658,1.0,jonghyonc
1659,1.0,jus
1660,1.0,justinthayn
1661,1.0,k
1662,1.0,kahal
1663,1.0,kdvr
1664,2.0,kid
1665,1.0,kimallegrezza
1666,1.0,kind
1667,1.0,krileyutsa16
1668,1.0,ladi
1669,1.0,laker
1670,1.0,landov
1671,1.0,largest
1672,4.0,last
1673,1.0,laura
1674,1.0,laurent
1675,3.0,leg
1676,2.0,len
1677,1.0,lib
1678,2.0,lip
1679,2.0,listen
1680,4.0,littl
1681,2.0,livit
1682,1.0,lmk
1683,4.0,lol
1684,2.0,long
1685,11.0,look
1686,1.0,lost
1687,1.0,luv
1688,1.0,markasaurus
1689,1.0,max
1690,1.0,maximalist
1691,1.0,menu
1692,1.0,miller
1693,1.0,miss
1694,1.0,montessorimom3
1695,1.0,much
1696,1.0,musiikki
1697,2.0,name
1698,1.0,negat
1699,3.0,next
1700,3.0,nice
1701,1.0,nicki
1702,1.0,note
1703,1.0,notton
1704,1.0,nuclear
1705,1.0,odd
1706,1.0,often
1707,2.0,oh
1708,1.0,olliemilman
1709,1.0,opinion
1710,1.0,outyeeesss
1711,2.0,part
1712,1.0,pay
1713,1.0,pe
1714,1.0,periodt
1715,1.0,perman
1716,1.0,pet
1717,1.0,pierr
1718,1.0,pilot
1719,1.0,plan
1720,1.0,presid
1721,1.0,profil
1722,1.0,promis
1723,1.0,promo
1724,1.0,public
1725,2.0,pull
1726,1.0,qin_duk
1727,1.0,qmagamik
1728,1.0,radic
1729,1.0,radioact
1730,2.0,random
1731,1.0,reappear
1732,1.0,recip
1733,1.0,recommend
1734,1.0,record
1735,1.0,reed
1736,1.0,regret
1737,5.0,reject
1738,1.0,religi
1739,1.0,remix
1740,1.0,reportspop
1741,1.0,rlthingi
1742,1.0,rock
1743,1.0,roller
1744,1.0,ron
1745,2.0,rout
1746,1.0,rxrawl
1747,2.0,salt
1748,1.0,scienc
1749,1.0,scout
1750,3.0,second
1751,1.0,secur
1752,2.0,sell
1753,2.0,seller
1754,1.0,shamelessselfpromot
1755,1.0,shape
1756,2.0,she
1757,1.0,short
1758,1.0,simpli
1759,1.0,slashclaw14
1760,1.0,smaller
1761,1.0,solid
1762,5.0,song
1763,2.0,speci
1764,1.0,specialxaract
1765,1.0,spend
1766,1.0,state
1767,1.0,street
1768,1.0,subpar
1769,1.0,supremedickhead
1770,1.0,synergi
1771,3.0,taken
1772,2.0,test
1773,1.0,then
1774,1.0,theperfourm
1775,2.0,thriller
1776,1.0,tick
1777,1.0,tiedot
1778,1.0,tower
1779,1.0,trade
1780,2.0,tranc
1781,1.0,tricki
1782,1.0,trilog
1783,3.0,tweet
1784,1.0,upsid
1785,1.0,vampr
1786,2.0,vial
1787,1.0,voxenf
1788,1.0,vuitton
1789,1.0,waiter
1790,1.0,walnut
1791,3.0,war
1792,1.0,warm
1793,4.0,way
1794,1.0,we
1795,1.0,weapon
1796,1.0,websit
1797,2.0,were
1798,1.0,wet
1799,1.0,whiski
1800,2.0,wife
1801,1.0,xa36
1802,3.0,yall
1803,9.0,yoda
1804,8.0,you
1805,1.0,youngest
1806,1.0,yrs
1807,1.0,yves
1808,1.0,zero
1809,1.0,15ml
1810,1.0,_wintergirl93
1811,1.0,accuraci
1812,1.0,acollect
1813,1.0,adkisson_rich
1814,2.0,advertis
1815,1.0,air
1816,1.0,allanraguel
1817,1.0,almost
1818,1.0,amateur
1819,2.0,amaz
1820,2.0,appear
1821,1.0,arab
1822,2.0,arajo
1823,1.0,audio
1824,1.0,aw
1825,3.0,b5
1826,1.0,ballot
1827,1.0,barbar
1828,1.0,barbz
1829,1.0,basic
1830,2.0,bauer
1831,5.0,beauti
1832,2.0,bestsel
1833,1.0,bk2
1834,2.0,blood
1835,1.0,boggstavern
1836,2.0,born
1837,1.0,boywithluv
1838,2.0,breath
1839,2.0,breitbart
1840,1.0,brown
1841,1.0,buildyourdreamhom
1842,1.0,built
1843,2.0,bullpen
1844,4.0,bust
1845,6.0,call
1846,3.0,cant
1847,1.0,carson
1848,3.0,case
1849,1.0,catheri48789698
1850,1.0,caught
1851,1.0,cbburnet
1852,1.0,cc
1853,1.0,chapel
1854,1.0,charlieschattanooga
1855,1.0,chattredwolv
1856,1.0,cheek
1857,2.0,cheer
1858,1.0,chemic
1859,1.0,chiva
1860,1.0,client
1861,1.0,clinic
1862,1.0,clue
1863,2.0,coaster
1864,2.0,communiti
1865,1.0,consider
1866,1.0,construct
1867,1.0,contain
1868,2.0,cough
1869,1.0,couldnt
1870,1.0,couldv
1871,1.0,craigmurrayorg
1872,2.0,current
1873,1.0,cut
1874,1.0,daughter
1875,1.0,deq
1876,1.0,descript
1877,1.0,dexisboss
1878,1.0,dhing
1879,1.0,direct
1880,1.0,discount
1881,7.0,doesnt
1882,1.0,donationexpert
1883,1.0,dozen
1884,1.0,drama
1885,1.0,edinburgh
1886,1.0,eeri
1887,1.0,elect
1888,1.0,election2020
1889,1.0,elsewher
1890,1.0,emmastevensandthelordofcrim
1891,1.0,encompass
1892,20.0,enjoy
1893,1.0,entireti
1894,1.0,erika
1895,12.0,even
1896,1.0,eventu
1897,1.0,ewampf
1898,2.0,excerpt
1899,1.0,express
1900,2.0,father
1901,1.0,finsubw
1902,1.0,flip
1903,2.0,flowerbomb
1904,3.0,for
1905,1.0,forev
1906,1.0,freedickpark
1907,1.0,freestuff
1908,1.0,fun
1909,1.0,funni
1910,1.0,gehrenbergdf
1911,2.0,giappon
1912,3.0,give
1913,1.0,graph
1914,1.0,graphic
1915,1.0,hand
1916,1.0,harjo111
1917,1.0,heart
1918,1.0,heb
1919,12.0,help
1920,4.0,here
1921,2.0,hi
1922,1.0,hmm
1923,1.0,hour
1924,1.0,httpstco5qpf1guqc0
1925,1.0,httpstcoakb7jxfmr5
1926,1.0,httpstcocagydlpl8z
1927,1.0,httpstcod3htremff
1928,1.0,httpstcoe6nmx2es8d
1929,1.0,httpstcof2ckwipagh
1930,1.0,httpstcoffjzw0j3lt
1931,1.0,httpstcofhwdlsfsdg
1932,1.0,httpstcoiril0sbaqc
1933,1.0,httpstcojmy991bpdt
1934,1.0,httpstcokixuvl699g
1935,1.0,httpstcolnxj75gokr
1936,1.0,httpstcom1b9fgeayk
1937,1.0,httpstcom68ktugx8b
1938,1.0,httpstcomndyvw6ihl
1939,1.0,httpstcoo74zakufkc
1940,1.0,httpstcopezpkhooza
1941,1.0,httpstcosmejjk1mfr
1942,1.0,httpstcotmk0n3jlm5
1943,2.0,httpstcou0dck4gksb
1944,1.0,httpstcovsmaylo3u0
1945,1.0,httpstcowqp8wiqyxj
1946,1.0,httpstcoxhfq1qja9f
1947,1.0,httpstcozcjshblhdf
1948,1.0,human
1949,1.0,hunt
1950,1.0,hw
1951,1.0,hyperdunk
1952,1.0,if
1953,13.0,im
1954,2.0,includ
1955,1.0,influenc
1956,1.0,informacin
1957,1.0,injuri
1958,1.0,innov
1959,3.0,interest
1960,1.0,isparkrecord
1961,25.0,it
1962,8.0,ive
1963,1.0,japani
1964,1.0,japn
1965,1.0,jason_lisl
1966,1.0,joegoodberri
1967,4.0,join
1968,1.0,kjgillenwat
1969,1.0,kombuchabrew
1970,1.0,kylehunt
1971,1.0,lancspoldogunit
1972,3.0,lead
1973,1.0,lead1225
1974,1.0,leak
1975,1.0,letter
1976,1.0,levierkant_24
1977,1.0,lisaqthink
1978,1.0,llikeafir
1979,2.0,logo
1980,6.0,lot
1981,15.0,love
1982,1.0,lustylovah
1983,1.0,mampm
1984,2.0,manabu
1985,3.0,mani
1986,1.0,mark
1987,1.0,mathpatriot
1988,6.0,may
1989,1.0,medscap
1990,1.0,mental
1991,1.0,mention
1992,1.0,mercier
1993,1.0,midday
1994,1.0,miniscul
1995,1.0,monday
1996,1.0,moot
1997,1.0,msica
1998,1.0,mslamondals
1999,1.0,natgeo
2000,1.0,neyten7
2001,1.0,nicolemae11
2002,1.0,nl
2003,4.0,now
2004,1.0,nozl1
2005,1.0,nsram
2006,2.0,obvious
2007,1.0,offic
2008,1.0,ohhh
2009,1.0,ohtani
2010,1.0,older
2011,1.0,omggg
2012,1.0,onc
2013,1.0,opium
2014,2.0,option
2015,1.0,other
2016,4.0,page
2017,1.0,paul
2018,2.0,place
2019,4.0,player
2020,1.0,pol
2021,1.0,postwh
2022,1.0,prather
2023,1.0,preview
2024,1.0,problem
2025,2.0,project
2026,1.0,pulseaudio
2027,5.0,question
2028,1.0,ragnarock4455
2029,1.0,rational
2030,1.0,reassess
2031,1.0,reel
2032,1.0,regga
2033,4.0,result
2034,1.0,resumetempl
2035,1.0,reward
2036,1.0,rightlax1
2037,1.0,risk
2038,2.0,road
2039,1.0,rolf
2040,1.0,round
2041,1.0,s
2042,3.0,save
2043,1.0,sceneri
2044,1.0,schemali
2045,1.0,script
2046,9.0,seem
2047,1.0,sequencer16
2048,9.0,seri
2049,1.0,ship
2050,1.0,showmeyourpet
2051,1.0,shrimp
2052,1.0,sick
2053,1.0,sieannarene
2054,53.0,size
2055,1.0,skeptic
2056,1.0,skeptism
2057,2.0,skill
2058,1.0,smoke
2059,1.0,snag
2060,1.0,snippetyeah
2061,1.0,societi
2062,1.0,softykjr
2063,1.0,solubl
2064,2.0,somebodi
2065,1.0,somechiguy
2066,1.0,spain
2067,1.0,speed
2068,1.0,spici
2069,1.0,spoiled_art
2070,3.0,spray
2071,1.0,staffer
2072,1.0,steam
2073,1.0,steme
2074,3.0,stop
2075,2.0,store
2076,1.0,string
2077,2.0,stupid
2078,2.0,sub
2079,1.0,suggest
2080,1.0,supercollector
2081,3.0,sure
2082,3.0,survey
2083,1.0,tarablagg
2084,3.0,text
2085,14.0,that
2086,2.0,thought
2087,1.0,throne
2088,3.0,to
2089,1.0,traci
2090,12.0,tri
2091,4.0,trump
2092,4.0,two
2093,1.0,typic
2094,1.0,ultim
2095,1.0,unclear
2096,1.0,unintent
2097,1.0,unrespect
2098,1.0,upleft
2099,18.0,us
2100,2.0,vape
2101,2.0,vapewild
2102,1.0,victori
2103,7.0,video
2104,1.0,visual
2105,1.0,volum
2106,3.0,wait
2107,2.0,walk
2108,1.0,wide
2109,1.0,wider
2110,13.0,would
2111,1.0,yassencor
2112,1.0,younger
